GEOID_JOIN,LAT,LON,POPULATION,WEIGHTED_DEMAND,TIER_LABEL,MULTIPLIER,METHOD,ASSIGNED_SID,ASSIGNED_NAME,TRAVEL_TIME_MIN
1.2103E+11,27.8156905,-82.723364,2802,2241.6,AE/A — 100-yr Floodplain,0.8,PuLP_CBC,16,Lealman Exchange,3.706227150136399
1.2103E+11,28.0084667,-82.7358262,1553,310.6,X Shaded — 500-yr,0.2,PuLP_CBC,14,Skycrest Elementary,7.076160989041737
1.2103E+11,27.9048377,-82.7503413,802,40.1,X Unshaded / Minimal,0.05,PuLP_CBC,17,Mildred Helms Elementary,6.600815586146326
1.2103E+11,27.9068877,-82.7905539,1362,68.1,X Unshaded / Minimal,0.05,PuLP_CBC,17,Mildred Helms Elementary,0.9062502491396316
1.2103E+11,28.0009326,-82.758922,986,788.8,AE/A — 100-yr Floodplain,0.8,PuLP_CBC,14,Skycrest Elementary,4.493965668884557
1.2103E+11,27.7063055,-82.7198058,1118,950.3,AE Coastal Floodplain,0.85,PuLP_CBC,8,Sanderlin K-8,8.503845688368637
1.2103E+11,27.9860052,-82.7512067,494,395.2,AE/A — 100-yr Floodplain,0.8,PuLP_CBC,14,Skycrest Elementary,2.859115848003386
1.2103E+11,27.9851608,-82.7358022,2122,424.4,X Shaded — 500-yr,0.2,PuLP_CBC,14,Skycrest Elementary,4.710168864315337
1.2103E+11,28.042484,-82.6974791,1379,1172.15,AE Coastal Floodplain,0.85,PuLP_CBC,1,Palm Harbor Middle,7.161754101405369
1.2103E+11,27.9515406,-82.7581563,846,676.8,AE/A — 100-yr Floodplain,0.8,PuLP_CBC,14,Skycrest Elementary,2.3308831940705104
1.2103E+11,27.9651959,-82.6623751,1100,935.0,AE Coastal Floodplain,0.85,PuLP_CBC,14,Skycrest Elementary,10.073947364566685
1.2103E+11,27.9312443,-82.8365752,856,727.6,AE Coastal Floodplain,0.85,PuLP_CBC,17,Mildred Helms Elementary,6.710459390423464
1.2103E+11,27.954553,-82.8056924,790,671.5,AE Coastal Floodplain,0.85,PuLP_CBC,17,Mildred Helms Elementary,4.691804774938647
1.2103E+11,27.9094806,-82.827722,1417,1204.45,AE Coastal Floodplain,0.85,PuLP_CBC,17,Mildred Helms Elementary,2.908806247063107
1.2103E+11,27.9121228,-82.8073018,1157,925.6,AE/A — 100-yr Floodplain,0.8,PuLP_CBC,17,Mildred Helms Elementary,1.8341859517819288
1.2103E+11,27.9356498,-82.803311,1640,82.0,X Unshaded / Minimal,0.05,PuLP_CBC,17,Mildred Helms Elementary,3.2017889207178305
1.2103E+11,27.9328226,-82.7688461,1883,94.15,X Unshaded / Minimal,0.05,PuLP_CBC,14,Skycrest Elementary,4.539576962966193
1.2103E+11,28.1656089,-82.7672113,1752,1489.2,AE Coastal Floodplain,0.85,PuLP_CBC,1,Palm Harbor Middle,13.436290240680377
1.2103E+11,27.9010424,-82.8086345,739,591.2,AE/A — 100-yr Floodplain,0.8,PuLP_CBC,17,Mildred Helms Elementary,2.7430898347263453
1.2103E+11,27.9328587,-82.7809323,1382,1105.6,AE/A — 100-yr Floodplain,0.8,PuLP_CBC,17,Mildred Helms Elementary,3.889698593890072
1.2103E+11,27.898652,-82.7916607,1350,67.5,X Unshaded / Minimal,0.05,PuLP_CBC,17,Mildred Helms Elementary,1.5313164612358825
1.2103E+11,27.8894392,-82.8241728,1564,78.2,X Unshaded / Minimal,0.05,PuLP_CBC,17,Mildred Helms Elementary,4.905925621242716
1.2103E+11,27.8836531,-82.8241086,532,26.6,X Unshaded / Minimal,0.05,PuLP_CBC,17,Mildred Helms Elementary,5.668087022049984
1.2103E+11,28.0361505,-82.7043223,995,845.75,AE Coastal Floodplain,0.85,PuLP_CBC,1,Palm Harbor Middle,7.038962535312242
1.2103E+11,27.886531,-82.8157695,1233,61.65,X Unshaded / Minimal,0.05,PuLP_CBC,17,Mildred Helms Elementary,4.16563021689073
1.2103E+11,27.8915187,-82.7592677,2008,1706.8,AE Coastal Floodplain,0.85,PuLP_CBC,17,Mildred Helms Elementary,5.411632573155499
1.2103E+11,28.093255,-82.6894017,2369,1895.2,AE/A — 100-yr Floodplain,0.8,PuLP_CBC,1,Palm Harbor Middle,8.852754038049333
1.2103E+11,27.9123977,-82.7408725,1270,254.0,X Shaded — 500-yr,0.2,PuLP_CBC,17,Mildred Helms Elementary,5.83293442912426
1.2103E+11,27.9035536,-82.7415211,1950,390.0,X Shaded — 500-yr,0.2,PuLP_CBC,17,Mildred Helms Elementary,7.353130763937518
1.2103E+11,28.0178076,-82.7108636,1034,51.7,X Unshaded / Minimal,0.05,PuLP_CBC,1,Palm Harbor Middle,9.141701687997278
1.2103E+11,27.9589351,-82.7930191,794,635.2,AE/A — 100-yr Floodplain,0.8,PuLP_CBC,14,Skycrest Elementary,3.696256225426524
1.2103E+11,27.8957393,-82.7433293,555,27.75,X Unshaded / Minimal,0.05,PuLP_CBC,17,Mildred Helms Elementary,6.930647802348477
1.2103E+11,27.8914917,-82.7825767,952,809.2,AE Coastal Floodplain,0.85,PuLP_CBC,17,Mildred Helms Elementary,3.199113774458995
1.2103E+11,27.7733096,-82.7762606,396,396.0,VE/V — Coastal High Hazard,1.0,PuLP_CBC,8,Sanderlin K-8,12.481921359930586
1.2103E+11,28.106769,-82.7430667,1721,86.05,X Unshaded / Minimal,0.05,PuLP_CBC,1,Palm Harbor Middle,4.871316475282942
1.2103E+11,28.104164,-82.738084,1372,1097.6,AE/A — 100-yr Floodplain,0.8,PuLP_CBC,1,Palm Harbor Middle,5.248959648539992
1.2103E+11,27.8770004,-82.8365044,1019,50.95,X Unshaded / Minimal,0.05,PuLP_CBC,17,Mildred Helms Elementary,6.670083321179383
1.2103E+11,28.0172628,-82.7904595,1390,1181.5,AE Coastal Floodplain,0.85,PuLP_CBC,1,Palm Harbor Middle,7.62061935358553
1.2103E+11,27.9540208,-82.7251348,1149,976.65,AE Coastal Floodplain,0.85,PuLP_CBC,14,Skycrest Elementary,93.79793948771076
1.2103E+11,28.0149974,-82.7303841,1435,71.75,X Unshaded / Minimal,0.05,PuLP_CBC,14,Skycrest Elementary,7.370075753883185
1.2103E+11,28.1241302,-82.658389,2607,2085.6,AE/A — 100-yr Floodplain,0.8,PuLP_CBC,1,Palm Harbor Middle,17.170045140827735
1.2103E+11,27.9643247,-82.7978322,1456,1237.6,AE Coastal Floodplain,0.85,PuLP_CBC,14,Skycrest Elementary,3.5562721290289163
1.2103E+11,27.9626328,-82.779809,1265,1012.0,AE/A — 100-yr Floodplain,0.8,PuLP_CBC,14,Skycrest Elementary,2.3380385667675143
1.2103E+11,27.9557203,-82.7811315,658,526.4,AE/A — 100-yr Floodplain,0.8,PuLP_CBC,14,Skycrest Elementary,2.865674968259241
1.2103E+11,28.0024628,-82.7660099,1725,1380.0,AE/A — 100-yr Floodplain,0.8,PuLP_CBC,14,Skycrest Elementary,4.241562124699235
1.2103E+11,27.95274,-82.7694548,1688,1350.4,AE/A — 100-yr Floodplain,0.8,PuLP_CBC,14,Skycrest Elementary,2.373684254800508
1.2103E+11,27.9915807,-82.7522581,1781,1424.8,AE/A — 100-yr Floodplain,0.8,PuLP_CBC,14,Skycrest Elementary,3.516035690653847
1.2103E+11,27.9840024,-82.7433815,524,419.2,AE/A — 100-yr Floodplain,0.8,PuLP_CBC,14,Skycrest Elementary,3.726517683027983
1.2103E+11,27.9516387,-82.7813631,1645,1316.0,AE/A — 100-yr Floodplain,0.8,PuLP_CBC,14,Skycrest Elementary,3.691708098804716
1.2103E+11,27.9014623,-82.829076,1951,1658.35,AE Coastal Floodplain,0.85,PuLP_CBC,17,Mildred Helms Elementary,3.944827745825363
1.2103E+11,27.9135097,-82.8154778,958,766.4,AE/A — 100-yr Floodplain,0.8,PuLP_CBC,17,Mildred Helms Elementary,2.70693280101554
1.2103E+11,27.9531077,-82.7960278,454,363.2,AE/A — 100-yr Floodplain,0.8,PuLP_CBC,14,Skycrest Elementary,4.729414511294997
1.2103E+11,27.9052088,-82.7997901,784,627.2,AE/A — 100-yr Floodplain,0.8,PuLP_CBC,17,Mildred Helms Elementary,0.8209648671968177
1.2103E+11,27.9244736,-82.7852362,1804,90.2,X Unshaded / Minimal,0.05,PuLP_CBC,17,Mildred Helms Elementary,2.1544112049658684
1.2103E+11,28.0444617,-82.6842229,670,536.0,AE/A — 100-yr Floodplain,0.8,PuLP_CBC,1,Palm Harbor Middle,7.499546894927125
1.2103E+11,28.0775313,-82.7205585,1306,261.2,X Shaded — 500-yr,0.2,PuLP_CBC,1,Palm Harbor Middle,4.264397596364023
1.2103E+11,28.073992,-82.7290912,1897,379.4,X Shaded — 500-yr,0.2,PuLP_CBC,1,Palm Harbor Middle,4.704042312320277
1.2103E+11,27.9212191,-82.7716039,1331,66.55,X Unshaded / Minimal,0.05,PuLP_CBC,17,Mildred Helms Elementary,3.0437676179360578
1.2103E+11,27.9192925,-82.7679828,752,37.6,X Unshaded / Minimal,0.05,PuLP_CBC,17,Mildred Helms Elementary,3.223610392592101
1.2103E+11,28.0969973,-82.7618598,1388,1179.8,AE Coastal Floodplain,0.85,PuLP_CBC,1,Palm Harbor Middle,4.0784739852353935
1.2103E+11,28.1409695,-82.7713433,1772,1506.2,AE Coastal Floodplain,0.85,PuLP_CBC,1,Palm Harbor Middle,11.066309989076728
1.2103E+11,28.0077026,-82.7524526,1326,1060.8,AE/A — 100-yr Floodplain,0.8,PuLP_CBC,14,Skycrest Elementary,5.318036185361001
1.2103E+11,28.1433934,-82.7308087,2601,2080.8,AE/A — 100-yr Floodplain,0.8,PuLP_CBC,1,Palm Harbor Middle,10.620058614846036
1.2103E+11,27.9535425,-82.7896368,2078,1662.4,AE/A — 100-yr Floodplain,0.8,PuLP_CBC,14,Skycrest Elementary,3.885936176134712
1.2103E+11,27.7332201,-82.6438498,820,697.0,AE Coastal Floodplain,0.85,PuLP_CBC,8,Sanderlin K-8,3.534130246203641
1.2103E+11,27.7832574,-82.6303543,675,573.75,AE Coastal Floodplain,0.85,PuLP_CBC,8,Sanderlin K-8,6.652950460517412
1.2103E+11,27.7066788,-82.6490117,948,805.8,AE Coastal Floodplain,0.85,PuLP_CBC,8,Sanderlin K-8,6.997182927026419
1.2103E+11,27.7358686,-82.7383956,808,686.8,AE Coastal Floodplain,0.85,PuLP_CBC,8,Sanderlin K-8,10.745800922627764
1.2103E+11,27.7138472,-82.7132101,494,419.9,AE Coastal Floodplain,0.85,PuLP_CBC,8,Sanderlin K-8,7.673095128427632
1.2103E+11,27.7087536,-82.6661884,807,40.35,X Unshaded / Minimal,0.05,PuLP_CBC,8,Sanderlin K-8,5.993189280839323
1.2103E+11,27.8392,-82.6293453,1503,1277.55,AE Coastal Floodplain,0.85,PuLP_CBC,16,Lealman Exchange,7.631444688317401
1.2103E+11,27.8327585,-82.6237954,1626,1382.1,AE Coastal Floodplain,0.85,PuLP_CBC,16,Lealman Exchange,7.506341815909269
1.2103E+11,27.8501355,-82.6494741,1307,1110.95,AE Coastal Floodplain,0.85,PuLP_CBC,16,Lealman Exchange,7.634664432807114
1.2103E+11,27.9124341,-82.7106514,866,736.1,AE Coastal Floodplain,0.85,PuLP_CBC,17,Mildred Helms Elementary,8.890714511170017
1.2103E+11,27.8109826,-82.6959521,1009,201.8,X Shaded — 500-yr,0.2,PuLP_CBC,16,Lealman Exchange,1.8451855974969245
1.2103E+11,27.7621621,-82.6291064,1455,1236.75,AE Coastal Floodplain,0.85,PuLP_CBC,8,Sanderlin K-8,5.867578787230454
1.2103E+11,27.8602139,-82.7052949,2140,1819.0,AE Coastal Floodplain,0.85,PuLP_CBC,16,Lealman Exchange,5.105556028831706
1.2103E+11,27.8604784,-82.6948433,1067,853.6,AE/A — 100-yr Floodplain,0.8,PuLP_CBC,16,Lealman Exchange,5.602539861247495
1.2103E+11,27.8517621,-82.6970435,1880,1504.0,AE/A — 100-yr Floodplain,0.8,PuLP_CBC,16,Lealman Exchange,3.989632541875265
1.2103E+11,27.8556068,-82.7062996,992,793.6,AE/A — 100-yr Floodplain,0.8,PuLP_CBC,16,Lealman Exchange,5.208401633321315
1.2103E+11,27.8508305,-82.6786818,1346,1076.8,AE/A — 100-yr Floodplain,0.8,PuLP_CBC,16,Lealman Exchange,5.177652439824917
1.2103E+11,27.8678149,-82.6756265,1348,1078.4,AE/A — 100-yr Floodplain,0.8,PuLP_CBC,16,Lealman Exchange,7.34411586875791
1.2103E+11,27.8440244,-82.6826269,647,517.6,AE/A — 100-yr Floodplain,0.8,PuLP_CBC,16,Lealman Exchange,3.8732089505774057
1.2103E+11,27.8895244,-82.6607527,1505,1279.25,AE Coastal Floodplain,0.85,PuLP_CBC,16,Lealman Exchange,11.540643214021244
1.2103E+11,27.8488405,-82.793825,613,30.65,X Unshaded / Minimal,0.05,PuLP_CBC,17,Mildred Helms Elementary,6.948461619822667
1.2103E+11,27.842369,-82.7911713,789,39.45,X Unshaded / Minimal,0.05,PuLP_CBC,17,Mildred Helms Elementary,8.157874531191839
1.2103E+11,27.8427352,-82.7853042,893,759.05,AE Coastal Floodplain,0.85,PuLP_CBC,17,Mildred Helms Elementary,8.386669635096746
1.2103E+11,27.9825347,-82.82827,578,578.0,VE/V — Coastal High Hazard,1.0,PuLP_CBC,14,Skycrest Elementary,7.934663934321658
1.2103E+11,27.8112951,-82.8081865,621,621.0,VE/V — Coastal High Hazard,1.0,PuLP_CBC,16,Lealman Exchange,13.464712277067353
1.2103E+11,28.0531743,-82.764407,1101,220.2,X Shaded — 500-yr,0.2,PuLP_CBC,1,Palm Harbor Middle,2.63644493935202
1.2103E+11,27.8172886,-82.7518243,753,640.05,AE Coastal Floodplain,0.85,PuLP_CBC,16,Lealman Exchange,6.276496808921024
1.2103E+11,27.8819921,-82.7936164,2388,119.4,X Unshaded / Minimal,0.05,PuLP_CBC,17,Mildred Helms Elementary,3.3437235899047053
1.2103E+11,27.7694777,-82.7386327,1452,1234.2,AE Coastal Floodplain,0.85,PuLP_CBC,8,Sanderlin K-8,8.995063299776522
1.2103E+11,27.7267779,-82.7430469,1126,957.1,AE Coastal Floodplain,0.85,PuLP_CBC,8,Sanderlin K-8,11.596816435799996
1.2103E+11,27.7371734,-82.7516327,583,583.0,VE/V — Coastal High Hazard,1.0,PuLP_CBC,8,Sanderlin K-8,10.373359656777708
1.2103E+11,27.7381532,-82.7146522,924,785.4,AE Coastal Floodplain,0.85,PuLP_CBC,8,Sanderlin K-8,5.541569114546549
1.2103E+11,28.0115846,-82.7667373,2620,2096.0,AE/A — 100-yr Floodplain,0.8,PuLP_CBC,14,Skycrest Elementary,5.613659849731859
1.2103E+11,27.817242,-82.7467927,676,574.6,AE Coastal Floodplain,0.85,PuLP_CBC,16,Lealman Exchange,5.976947657948145
1.2103E+11,27.8520758,-82.7228557,768,614.4,AE/A — 100-yr Floodplain,0.8,PuLP_CBC,16,Lealman Exchange,6.754427191735543
1.2103E+11,28.0205578,-82.7792988,1722,344.4,X Shaded — 500-yr,0.2,PuLP_CBC,14,Skycrest Elementary,7.747101013278805
1.2103E+11,27.8324265,-82.6907959,2819,2255.2,AE/A — 100-yr Floodplain,0.8,PuLP_CBC,16,Lealman Exchange,3.1128276433660544
1.2103E+11,27.8432689,-82.6680798,759,645.15,AE Coastal Floodplain,0.85,PuLP_CBC,16,Lealman Exchange,5.038525034003007
1.2103E+11,27.9790282,-82.7696012,2016,1612.8,AE/A — 100-yr Floodplain,0.8,PuLP_CBC,14,Skycrest Elementary,1.8281086884533324
1.2103E+11,27.8265357,-82.6754746,780,39.0,X Unshaded / Minimal,0.05,PuLP_CBC,16,Lealman Exchange,2.6275391044493617
1.2103E+11,27.7719017,-82.6753349,1558,77.9,X Unshaded / Minimal,0.05,PuLP_CBC,8,Sanderlin K-8,3.488652832820418
1.2103E+11,27.825061,-82.6612383,802,160.4,X Shaded — 500-yr,0.2,PuLP_CBC,16,Lealman Exchange,3.881510225986277
1.2103E+11,27.8152506,-82.6777094,832,665.6,AE/A — 100-yr Floodplain,0.8,PuLP_CBC,16,Lealman Exchange,1.9525279449608683
1.2103E+11,27.7622876,-82.6755732,535,26.75,X Unshaded / Minimal,0.05,PuLP_CBC,8,Sanderlin K-8,2.4012489117293607
1.2103E+11,27.7565079,-82.6695248,333,16.65,X Unshaded / Minimal,0.05,PuLP_CBC,8,Sanderlin K-8,1.5824309487499697
1.2103E+11,27.8111015,-82.6580733,911,45.55,X Unshaded / Minimal,0.05,PuLP_CBC,16,Lealman Exchange,3.948859507758858
1.2103E+11,27.8011153,-82.658724,950,47.5,X Unshaded / Minimal,0.05,PuLP_CBC,16,Lealman Exchange,5.309079503752563
1.2103E+11,27.7957389,-82.6446862,930,46.5,X Unshaded / Minimal,0.05,PuLP_CBC,16,Lealman Exchange,6.120516666506028
1.2103E+11,27.7863095,-82.6408835,1233,61.65,X Unshaded / Minimal,0.05,PuLP_CBC,8,Sanderlin K-8,6.378351122288392
1.2103E+11,27.7786562,-82.6951062,924,46.2,X Unshaded / Minimal,0.05,PuLP_CBC,8,Sanderlin K-8,5.87484889931352
1.2103E+11,27.9363109,-82.7523527,1824,1550.4,AE Coastal Floodplain,0.85,PuLP_CBC,14,Skycrest Elementary,4.111320843257164
1.2103E+11,27.7830674,-82.6357117,1006,50.3,X Unshaded / Minimal,0.05,PuLP_CBC,8,Sanderlin K-8,6.426167689150628
1.2103E+11,27.7742493,-82.6358447,1696,1441.6,AE Coastal Floodplain,0.85,PuLP_CBC,8,Sanderlin K-8,5.464110219918796
1.2103E+11,27.7803699,-82.6341655,950,47.5,X Unshaded / Minimal,0.05,PuLP_CBC,8,Sanderlin K-8,6.152251385392157
1.2103E+11,28.0956222,-82.7427227,1852,370.4,X Shaded — 500-yr,0.2,PuLP_CBC,1,Palm Harbor Middle,3.797128882757718
1.2103E+11,27.8175403,-82.6509159,1837,367.4,X Shaded — 500-yr,0.2,PuLP_CBC,16,Lealman Exchange,4.651633357183228
1.2103E+11,27.8102832,-82.6509173,1136,56.8,X Unshaded / Minimal,0.05,PuLP_CBC,16,Lealman Exchange,4.482690141556544
1.2103E+11,27.7614936,-82.6565856,2267,453.4,X Shaded — 500-yr,0.2,PuLP_CBC,8,Sanderlin K-8,2.5124175206003665
1.2103E+11,27.7463446,-82.6905108,1212,1030.2,AE Coastal Floodplain,0.85,PuLP_CBC,8,Sanderlin K-8,2.36571839880087
1.2103E+11,27.7687009,-82.6433314,2891,144.55,X Unshaded / Minimal,0.05,PuLP_CBC,8,Sanderlin K-8,3.986482838478571
1.2103E+11,27.748315,-82.6963735,1633,1388.05,AE Coastal Floodplain,0.85,PuLP_CBC,8,Sanderlin K-8,2.936705148431128
1.2103E+11,27.8114312,-82.637677,1197,1017.45,AE Coastal Floodplain,0.85,PuLP_CBC,16,Lealman Exchange,6.441702483499934
1.2103E+11,27.8168095,-82.6250315,1413,1201.05,AE Coastal Floodplain,0.85,PuLP_CBC,16,Lealman Exchange,8.547482669174485
1.2103E+11,27.9205468,-82.722997,1896,1611.6,AE Coastal Floodplain,0.85,PuLP_CBC,14,Skycrest Elementary,8.236427275396286
1.2103E+11,27.9214224,-82.7063765,3091,2627.35,AE Coastal Floodplain,0.85,PuLP_CBC,17,Mildred Helms Elementary,8.889128565809015
1.2103E+11,27.7632593,-82.642546,386,328.1,AE Coastal Floodplain,0.85,PuLP_CBC,8,Sanderlin K-8,3.600730755174536
1.2103E+11,28.0114158,-82.756608,1078,862.4,AE/A — 100-yr Floodplain,0.8,PuLP_CBC,14,Skycrest Elementary,5.673335452959904
1.2103E+11,27.8352378,-82.5903278,977,830.45,AE Coastal Floodplain,0.85,PuLP_CBC,16,Lealman Exchange,9.165659059865954
1.2103E+11,27.8760683,-82.5963216,3243,2756.55,AE Coastal Floodplain,0.85,PuLP_CBC,16,Lealman Exchange,12.9696599523466
1.2103E+11,27.8848212,-82.6274983,52,44.2,AE Coastal Floodplain,0.85,PuLP_CBC,16,Lealman Exchange,10.859922651712656
1.2103E+11,27.7832235,-82.7675771,863,863.0,VE/V — Coastal High Hazard,1.0,PuLP_CBC,8,Sanderlin K-8,12.623240676089427
1.2103E+11,27.7986974,-82.7465573,1171,234.2,X Shaded — 500-yr,0.2,PuLP_CBC,16,Lealman Exchange,7.655417992442647
1.2103E+11,27.8958703,-82.7335085,1027,51.35,X Unshaded / Minimal,0.05,PuLP_CBC,17,Mildred Helms Elementary,7.8727005966974755
1.2103E+11,27.9049976,-82.7344063,1465,293.0,X Shaded — 500-yr,0.2,PuLP_CBC,17,Mildred Helms Elementary,8.142136791856098
1.2103E+11,27.898477,-82.7404526,1818,90.9,X Unshaded / Minimal,0.05,PuLP_CBC,17,Mildred Helms Elementary,7.484098365168655
1.2103E+11,27.8918316,-82.7353916,2682,2279.7,AE Coastal Floodplain,0.85,PuLP_CBC,17,Mildred Helms Elementary,7.7110634714623
1.2103E+11,27.8688418,-82.6357504,2502,2126.7,AE Coastal Floodplain,0.85,PuLP_CBC,16,Lealman Exchange,9.126855603810014
1.2103E+11,27.9420506,-82.7226067,1334,1133.9,AE Coastal Floodplain,0.85,PuLP_CBC,14,Skycrest Elementary,6.179482258928595
1.2103E+11,28.1230095,-82.7059921,1365,1092.0,AE/A — 100-yr Floodplain,0.8,PuLP_CBC,1,Palm Harbor Middle,11.91058857850414
1.2103E+11,27.8263553,-82.8268855,1202,1021.7,AE Coastal Floodplain,0.85,PuLP_CBC,17,Mildred Helms Elementary,14.975972326045666
1.2103E+11,27.7956893,-82.7518206,458,91.6,X Shaded — 500-yr,0.2,PuLP_CBC,16,Lealman Exchange,8.452713350574893
1.2103E+11,27.7416245,-82.7091267,1300,1105.0,AE Coastal Floodplain,0.85,PuLP_CBC,8,Sanderlin K-8,4.825395070852621
1.2103E+11,28.13402,-82.7669184,1001,850.85,AE Coastal Floodplain,0.85,PuLP_CBC,1,Palm Harbor Middle,10.540510160186516
1.2103E+11,28.114981,-82.758113,1287,1093.95,AE Coastal Floodplain,0.85,PuLP_CBC,1,Palm Harbor Middle,7.451744726505418
1.2103E+11,28.1129143,-82.7448841,1706,341.2,X Shaded — 500-yr,0.2,PuLP_CBC,1,Palm Harbor Middle,5.5413147711375945
1.2103E+11,28.1156714,-82.7373229,790,632.0,AE/A — 100-yr Floodplain,0.8,PuLP_CBC,1,Palm Harbor Middle,6.4976080313492615
1.2103E+11,28.133686,-82.7138827,1693,1354.4,AE/A — 100-yr Floodplain,0.8,PuLP_CBC,1,Palm Harbor Middle,13.684718815783317
1.2103E+11,27.8713878,-82.8343785,1378,68.9,X Unshaded / Minimal,0.05,PuLP_CBC,17,Mildred Helms Elementary,7.255324815136079
1.2103E+11,28.0042476,-82.8275173,913,776.05,AE Coastal Floodplain,0.85,PuLP_CBC,14,Skycrest Elementary,10.30721587459609
1.2103E+11,28.0428863,-82.778484,1313,1050.4,AE/A — 100-yr Floodplain,0.8,PuLP_CBC,1,Palm Harbor Middle,5.5345111204726125
1.2103E+11,28.0179818,-82.7436085,1530,76.5,X Unshaded / Minimal,0.05,PuLP_CBC,1,Palm Harbor Middle,6.063681505728344
1.2103E+11,28.001212,-82.7820787,2162,432.4,X Shaded — 500-yr,0.2,PuLP_CBC,14,Skycrest Elementary,6.045239288242166
1.2103E+11,27.9991039,-82.7702686,891,178.2,X Shaded — 500-yr,0.2,PuLP_CBC,14,Skycrest Elementary,4.366004814675238
1.2103E+11,27.9963185,-82.7588343,1080,864.0,AE/A — 100-yr Floodplain,0.8,PuLP_CBC,14,Skycrest Elementary,4.08867633001897
1.2103E+11,27.9795941,-82.7640154,841,672.8,AE/A — 100-yr Floodplain,0.8,PuLP_CBC,14,Skycrest Elementary,1.9093620558884448
1.2103E+11,27.9647196,-82.7847939,1490,1192.0,AE/A — 100-yr Floodplain,0.8,PuLP_CBC,14,Skycrest Elementary,2.298269856489297
1.2103E+11,27.9710808,-82.7697238,1111,888.8,AE/A — 100-yr Floodplain,0.8,PuLP_CBC,14,Skycrest Elementary,1.1130163511137297
1.2103E+11,27.9656317,-82.7777158,566,452.8,AE/A — 100-yr Floodplain,0.8,PuLP_CBC,14,Skycrest Elementary,1.6127443887168469
1.2103E+11,27.9590941,-82.781432,1017,813.6,AE/A — 100-yr Floodplain,0.8,PuLP_CBC,14,Skycrest Elementary,2.494261439805356
1.2103E+11,27.9642955,-82.7734865,1593,1274.4,AE/A — 100-yr Floodplain,0.8,PuLP_CBC,14,Skycrest Elementary,1.2034904822791896
1.2103E+11,27.9809695,-82.7308175,1002,801.6,AE/A — 100-yr Floodplain,0.8,PuLP_CBC,14,Skycrest Elementary,4.003461556159956
1.2103E+11,27.986683,-82.6934197,1651,1320.8,AE/A — 100-yr Floodplain,0.8,PuLP_CBC,14,Skycrest Elementary,8.202252512357818
1.2103E+11,28.0892713,-82.7322433,1629,81.45,X Unshaded / Minimal,0.05,PuLP_CBC,1,Palm Harbor Middle,4.81381014064555
1.2103E+11,27.8918208,-82.7967075,2734,136.7,X Unshaded / Minimal,0.05,PuLP_CBC,17,Mildred Helms Elementary,2.4656020133883567
1.2103E+11,27.8926445,-82.7912795,712,35.6,X Unshaded / Minimal,0.05,PuLP_CBC,17,Mildred Helms Elementary,2.363026367844421
1.2103E+11,27.8889577,-82.7745283,633,538.05,AE Coastal Floodplain,0.85,PuLP_CBC,17,Mildred Helms Elementary,3.985769055095141
1.2103E+11,27.8636757,-82.7566652,1529,76.45,X Unshaded / Minimal,0.05,PuLP_CBC,17,Mildred Helms Elementary,8.447353453300625
1.2103E+11,27.9341123,-82.738984,1149,976.65,AE Coastal Floodplain,0.85,PuLP_CBC,14,Skycrest Elementary,5.013581476889732
1.2103E+11,27.9945836,-82.7026418,2306,1960.1,AE Coastal Floodplain,0.85,PuLP_CBC,14,Skycrest Elementary,8.022827076252366
1.2103E+11,27.966711,-82.8206431,921,921.0,VE/V — Coastal High Hazard,1.0,PuLP_CBC,14,Skycrest Elementary,9.314713015874707
1.2103E+11,27.889185,-82.7419177,454,90.8,X Shaded — 500-yr,0.2,PuLP_CBC,17,Mildred Helms Elementary,7.254150598151009
1.2103E+11,27.9362193,-82.7818459,861,688.8,AE/A — 100-yr Floodplain,0.8,PuLP_CBC,17,Mildred Helms Elementary,3.801973614145644
1.2103E+11,28.107632,-82.7001805,2619,2095.2,AE/A — 100-yr Floodplain,0.8,PuLP_CBC,1,Palm Harbor Middle,9.795907807014858
1.2103E+11,28.0982574,-82.7067705,2406,1924.8,AE/A — 100-yr Floodplain,0.8,PuLP_CBC,1,Palm Harbor Middle,9.129600164785332
1.2103E+11,27.9297699,-82.7791701,649,32.45,X Unshaded / Minimal,0.05,PuLP_CBC,17,Mildred Helms Elementary,3.271142091697856
1.2103E+11,27.7356409,-82.6874331,1277,1085.45,AE Coastal Floodplain,0.85,PuLP_CBC,8,Sanderlin K-8,3.051579302007228
1.2103E+11,28.1588069,-82.6712078,1071,856.8,AE/A — 100-yr Floodplain,0.8,PuLP_CBC,1,Palm Harbor Middle,18.372117087652057
1.2103E+11,27.9255296,-82.7783559,1811,90.55,X Unshaded / Minimal,0.05,PuLP_CBC,17,Mildred Helms Elementary,3.3578715817232623
1.2103E+11,28.122877,-82.6890959,1917,1533.6,AE/A — 100-yr Floodplain,0.8,PuLP_CBC,1,Palm Harbor Middle,11.295670543445612
1.2103E+11,28.078878,-82.7334914,1020,204.0,X Shaded — 500-yr,0.2,PuLP_CBC,1,Palm Harbor Middle,2.937773373835101
1.2103E+11,28.0701477,-82.7318219,1417,1133.6,AE/A — 100-yr Floodplain,0.8,PuLP_CBC,1,Palm Harbor Middle,2.0759352813929675
1.2103E+11,27.9464128,-82.7267698,2309,1962.65,AE Coastal Floodplain,0.85,PuLP_CBC,14,Skycrest Elementary,5.0443202373338085
1.2103E+11,27.9324202,-82.7229376,679,577.15,AE Coastal Floodplain,0.85,PuLP_CBC,14,Skycrest Elementary,9.98148904606099
1.2103E+11,28.0426816,-82.6797822,191,162.35,AE Coastal Floodplain,0.85,PuLP_CBC,1,Palm Harbor Middle,7.994172963625542
1.2103E+11,27.9219695,-82.7638107,579,28.95,X Unshaded / Minimal,0.05,PuLP_CBC,17,Mildred Helms Elementary,4.343191984908831
1.2103E+11,28.046068,-82.73361,1963,98.15,X Unshaded / Minimal,0.05,PuLP_CBC,1,Palm Harbor Middle,4.246089589899189
1.2103E+11,28.0358186,-82.7338928,827,41.35,X Unshaded / Minimal,0.05,PuLP_CBC,1,Palm Harbor Middle,4.768914447536381
1.2103E+11,28.0309286,-82.735387,1354,67.7,X Unshaded / Minimal,0.05,PuLP_CBC,1,Palm Harbor Middle,5.298613782682471
1.2103E+11,28.1323609,-82.779145,1104,938.4,AE Coastal Floodplain,0.85,PuLP_CBC,1,Palm Harbor Middle,10.944354220668254
1.2103E+11,28.1420821,-82.7838572,985,837.25,AE Coastal Floodplain,0.85,PuLP_CBC,1,Palm Harbor Middle,12.00976510028662
1.2103E+11,28.0762294,-82.7627492,979,832.15,AE Coastal Floodplain,0.85,PuLP_CBC,1,Palm Harbor Middle,1.9524525212847823
1.2103E+11,28.0150458,-82.7775663,900,180.0,X Shaded — 500-yr,0.2,PuLP_CBC,14,Skycrest Elementary,6.759711888928729
1.2103E+11,28.0126779,-82.7729679,1437,287.4,X Shaded — 500-yr,0.2,PuLP_CBC,14,Skycrest Elementary,6.21698569805269
1.2103E+11,28.0606164,-82.7683483,1067,906.95,AE Coastal Floodplain,0.85,PuLP_CBC,1,Palm Harbor Middle,2.3073435029281884
1.2103E+11,28.0701406,-82.7450409,1755,351.0,X Shaded — 500-yr,0.2,PuLP_CBC,1,Palm Harbor Middle,0.7999287976989783
1.2103E+11,28.1265715,-82.7658938,1514,1286.9,AE Coastal Floodplain,0.85,PuLP_CBC,1,Palm Harbor Middle,8.43913950633012
1.2103E+11,28.0711289,-82.7561774,774,38.7,X Unshaded / Minimal,0.05,PuLP_CBC,1,Palm Harbor Middle,0.3264570135113276
1.2103E+11,27.9509882,-82.8327587,1577,1340.45,AE Coastal Floodplain,0.85,PuLP_CBC,17,Mildred Helms Elementary,8.870615016839
1.2103E+11,28.014334,-82.7500855,493,98.6,X Shaded — 500-yr,0.2,PuLP_CBC,1,Palm Harbor Middle,6.297444206291544
1.2103E+11,27.7330988,-82.6395326,479,407.15,AE Coastal Floodplain,0.85,PuLP_CBC,8,Sanderlin K-8,4.48632143205317
1.2103E+11,27.7102024,-82.6587275,1192,59.6,X Unshaded / Minimal,0.05,PuLP_CBC,8,Sanderlin K-8,5.7654929310598
1.2103E+11,27.710295,-82.6504986,344,17.2,X Unshaded / Minimal,0.05,PuLP_CBC,8,Sanderlin K-8,6.3506466644758985
1.2103E+11,27.7814894,-82.6257245,730,620.5,AE Coastal Floodplain,0.85,PuLP_CBC,8,Sanderlin K-8,7.229573385937689
1.2103E+11,27.7699106,-82.6330501,1478,1256.3,AE Coastal Floodplain,0.85,PuLP_CBC,8,Sanderlin K-8,5.283524950652386
1.2103E+11,27.8731182,-82.6331079,1158,984.3,AE Coastal Floodplain,0.85,PuLP_CBC,16,Lealman Exchange,9.60342767852768
1.2103E+11,28.1097659,-82.6897852,1692,1353.6,AE/A — 100-yr Floodplain,0.8,PuLP_CBC,1,Palm Harbor Middle,9.95799018279842
1.2103E+11,28.003168,-82.7359465,1231,246.2,X Shaded — 500-yr,0.2,PuLP_CBC,14,Skycrest Elementary,5.369907985227119
1.2103E+11,27.7678344,-82.7493395,1376,1169.6,AE Coastal Floodplain,0.85,PuLP_CBC,8,Sanderlin K-8,9.704994229026598
1.2103E+11,27.7640956,-82.7604294,1281,1088.85,AE Coastal Floodplain,0.85,PuLP_CBC,8,Sanderlin K-8,12.428943221893825
1.2103E+11,27.7502047,-82.747332,791,791.0,VE/V — Coastal High Hazard,1.0,PuLP_CBC,8,Sanderlin K-8,8.866635222142264
1.2103E+11,27.7606031,-82.7283057,1081,918.85,AE Coastal Floodplain,0.85,PuLP_CBC,8,Sanderlin K-8,6.58795519254423
1.2103E+11,27.7405126,-82.7120798,754,640.9,AE Coastal Floodplain,0.85,PuLP_CBC,8,Sanderlin K-8,5.287760179323137
1.2103E+11,27.7232315,-82.7315006,761,646.85,AE Coastal Floodplain,0.85,PuLP_CBC,8,Sanderlin K-8,11.39894799373636
1.2103E+11,27.8439961,-82.7237161,1787,1429.6,AE/A — 100-yr Floodplain,0.8,PuLP_CBC,16,Lealman Exchange,5.317895489625652
1.2103E+11,27.81346,-82.7318709,1199,1199.0,AE Floodway,1.0,PuLP_CBC,16,Lealman Exchange,4.53146026706133
1.2103E+11,27.8426702,-82.6930836,1877,1501.6,AE/A — 100-yr Floodplain,0.8,PuLP_CBC,16,Lealman Exchange,3.696112704625905
1.2103E+11,27.8373755,-82.6901508,835,668.0,AE/A — 100-yr Floodplain,0.8,PuLP_CBC,16,Lealman Exchange,3.1769520126928223
1.2103E+11,27.7786912,-82.6848642,894,178.8,X Shaded — 500-yr,0.2,PuLP_CBC,8,Sanderlin K-8,4.906098623925898
1.2103E+11,27.7737285,-82.6828141,971,48.55,X Unshaded / Minimal,0.05,PuLP_CBC,8,Sanderlin K-8,4.366291473635263
1.2103E+11,27.8228925,-82.6754318,842,42.1,X Unshaded / Minimal,0.05,PuLP_CBC,16,Lealman Exchange,1.7157325887891484
1.2103E+11,27.8178912,-82.6593022,820,41.0,X Unshaded / Minimal,0.05,PuLP_CBC,16,Lealman Exchange,3.381179585257136
1.2103E+11,27.7737057,-82.6627606,1388,69.4,X Unshaded / Minimal,0.05,PuLP_CBC,8,Sanderlin K-8,3.056868709404271
1.2103E+11,27.8177694,-82.6684751,1032,825.6,AE/A — 100-yr Floodplain,0.8,PuLP_CBC,16,Lealman Exchange,2.6577849127283386
1.2103E+11,27.8114546,-82.6672265,2397,1917.6,AE/A — 100-yr Floodplain,0.8,PuLP_CBC,16,Lealman Exchange,3.5064756647630246
1.2103E+11,27.8122655,-82.6626356,1126,56.3,X Unshaded / Minimal,0.05,PuLP_CBC,16,Lealman Exchange,3.55893678526525
1.2103E+11,27.7461058,-82.6807284,1742,1480.7,AE Coastal Floodplain,0.85,PuLP_CBC,8,Sanderlin K-8,1.5318828999924288
1.2103E+11,27.766145,-82.6651844,547,27.35,X Unshaded / Minimal,0.05,PuLP_CBC,8,Sanderlin K-8,2.487342870677246
1.2103E+11,27.8047516,-82.6585838,841,42.05,X Unshaded / Minimal,0.05,PuLP_CBC,16,Lealman Exchange,4.493031899214032
1.2103E+11,27.7882381,-82.6447492,864,43.2,X Unshaded / Minimal,0.05,PuLP_CBC,8,Sanderlin K-8,5.816125889718399
1.2103E+11,27.7804892,-82.6443664,1496,74.8,X Unshaded / Minimal,0.05,PuLP_CBC,8,Sanderlin K-8,5.27256396845919
1.2103E+11,27.7736737,-82.6964655,629,31.45,X Unshaded / Minimal,0.05,PuLP_CBC,8,Sanderlin K-8,5.415553877172481
1.2103E+11,27.7736933,-82.6896348,1170,58.5,X Unshaded / Minimal,0.05,PuLP_CBC,8,Sanderlin K-8,4.761869589614793
1.2103E+11,27.7747495,-82.6407388,1390,69.5,X Unshaded / Minimal,0.05,PuLP_CBC,8,Sanderlin K-8,5.211284537218286
1.2103E+11,27.772491,-82.6398823,147,7.35,X Unshaded / Minimal,0.05,PuLP_CBC,8,Sanderlin K-8,4.814200835816979
1.2103E+11,27.7785276,-82.634772,349,17.45,X Unshaded / Minimal,0.05,PuLP_CBC,8,Sanderlin K-8,5.97365485361695
1.2103E+11,27.8776805,-82.6341405,1757,1493.45,AE Coastal Floodplain,0.85,PuLP_CBC,16,Lealman Exchange,10.084684079500263
1.2103E+11,27.9427292,-82.8168181,1720,1462.0,AE Coastal Floodplain,0.85,PuLP_CBC,17,Mildred Helms Elementary,4.173104059515333
1.2103E+11,27.7743271,-82.6274602,771,655.35,AE Coastal Floodplain,0.85,PuLP_CBC,8,Sanderlin K-8,6.423647114187898
1.2103E+11,27.7814357,-82.775191,1203,1203.0,VE/V — Coastal High Hazard,1.0,PuLP_CBC,8,Sanderlin K-8,13.181886031919174
1.2103E+11,27.8565228,-82.7156034,856,684.8,AE/A — 100-yr Floodplain,0.8,PuLP_CBC,16,Lealman Exchange,6.063719108978422
1.2103E+11,27.8479264,-82.6261468,1071,910.35,AE Coastal Floodplain,0.85,PuLP_CBC,16,Lealman Exchange,9.299914625342716
1.2103E+11,27.8317249,-82.8334998,499,424.15,AE Coastal Floodplain,0.85,PuLP_CBC,17,Mildred Helms Elementary,14.184258977849009
1.2103E+11,28.0551445,-82.7724845,635,539.75,AE Coastal Floodplain,0.85,PuLP_CBC,1,Palm Harbor Middle,2.9333206128181044
1.2103E+11,27.7767941,-82.7652901,1231,1231.0,VE/V — Coastal High Hazard,1.0,PuLP_CBC,8,Sanderlin K-8,11.188978627866495
1.2103E+11,27.8222054,-82.8190329,1187,1187.0,VE/V — Coastal High Hazard,1.0,PuLP_CBC,16,Lealman Exchange,15.124895762451278
1.2103E+11,27.8256538,-82.7474873,1216,1033.6,AE Coastal Floodplain,0.85,PuLP_CBC,16,Lealman Exchange,7.400154663073555
1.2103E+11,27.82389,-82.789509,1360,272.0,X Shaded — 500-yr,0.2,PuLP_CBC,17,Mildred Helms Elementary,10.304747394068873
1.2103E+11,27.860952,-82.830135,711,35.55,X Unshaded / Minimal,0.05,PuLP_CBC,17,Mildred Helms Elementary,8.176453072813546
1.2103E+11,27.9027808,-82.7839221,1669,1418.65,AE Coastal Floodplain,0.85,PuLP_CBC,17,Mildred Helms Elementary,2.287446922017633
1.2103E+11,27.9111498,-82.7451035,481,24.05,X Unshaded / Minimal,0.05,PuLP_CBC,17,Mildred Helms Elementary,5.926219839264121
1.2103E+11,28.0252456,-82.731963,1414,70.7,X Unshaded / Minimal,0.05,PuLP_CBC,1,Palm Harbor Middle,7.349614597802463
1.2103E+11,27.9624535,-82.7269666,1690,338.0,X Shaded — 500-yr,0.2,PuLP_CBC,14,Skycrest Elementary,3.810173865737295
1.2103E+11,27.9970314,-82.7434314,911,45.55,X Unshaded / Minimal,0.05,PuLP_CBC,14,Skycrest Elementary,4.681684038640526
1.2103E+11,27.9958597,-82.7322026,1847,92.35,X Unshaded / Minimal,0.05,PuLP_CBC,14,Skycrest Elementary,5.259481596730154
1.2103E+11,28.061709,-82.745454,1417,283.4,X Shaded — 500-yr,0.2,PuLP_CBC,1,Palm Harbor Middle,1.148132845363199
1.2103E+11,28.1408218,-82.6862527,1752,1401.6,AE/A — 100-yr Floodplain,0.8,PuLP_CBC,1,Palm Harbor Middle,14.206754295649676
1.2103E+11,27.8886077,-82.8456419,910,773.5,AE Coastal Floodplain,0.85,PuLP_CBC,17,Mildred Helms Elementary,8.298449495419584
1.2103E+11,27.8007368,-82.7937495,536,536.0,VE/V — Coastal High Hazard,1.0,PuLP_CBC,16,Lealman Exchange,12.76205085945484
1.2103E+11,27.7524855,-82.744943,1225,1041.25,AE Coastal Floodplain,0.85,PuLP_CBC,8,Sanderlin K-8,8.65750399319335
1.2103E+11,27.8619859,-82.6847373,1084,867.2,AE/A — 100-yr Floodplain,0.8,PuLP_CBC,16,Lealman Exchange,5.657317421134053
1.2103E+11,27.946167,-82.7372856,2463,2093.55,AE Coastal Floodplain,0.85,PuLP_CBC,14,Skycrest Elementary,4.046304955977676
1.2103E+11,27.7503895,-82.67519,542,27.1,X Unshaded / Minimal,0.05,PuLP_CBC,8,Sanderlin K-8,1.1075072149766074
1.2103E+11,28.1350834,-82.7440058,1182,236.4,X Shaded — 500-yr,0.2,PuLP_CBC,1,Palm Harbor Middle,8.622769884075286
1.2103E+11,28.142267,-82.7453216,1399,279.8,X Shaded — 500-yr,0.2,PuLP_CBC,1,Palm Harbor Middle,9.792344070600144
1.2103E+11,28.1342343,-82.7523127,1507,1280.95,AE Coastal Floodplain,0.85,PuLP_CBC,1,Palm Harbor Middle,10.633113957789964
1.2103E+11,28.1280443,-82.745311,1253,250.6,X Shaded — 500-yr,0.2,PuLP_CBC,1,Palm Harbor Middle,7.861582420562673
1.2103E+11,28.1429579,-82.7523803,66,56.1,AE Coastal Floodplain,0.85,PuLP_CBC,1,Palm Harbor Middle,10.635600907767904
1.2103E+11,27.6674028,-82.6933723,1578,1341.3,AE Coastal Floodplain,0.85,PuLP_CBC,14,Skycrest Elementary,93.79793948771076
1.2103E+11,27.7242925,-82.6286933,1062,902.7,AE Coastal Floodplain,0.85,PuLP_CBC,8,Sanderlin K-8,5.7666626711851325
1.2103E+11,27.7314008,-82.6332331,881,748.85,AE Coastal Floodplain,0.85,PuLP_CBC,8,Sanderlin K-8,5.256992933821595
1.2103E+11,27.6897708,-82.7266274,1885,1602.25,AE Coastal Floodplain,0.85,PuLP_CBC,8,Sanderlin K-8,10.807976810715353
1.2103E+11,27.7142263,-82.642864,1627,1382.95,AE Coastal Floodplain,0.85,PuLP_CBC,8,Sanderlin K-8,6.286862647788664
1.2103E+11,27.7067106,-82.6442946,1227,1042.95,AE Coastal Floodplain,0.85,PuLP_CBC,8,Sanderlin K-8,6.538111879326815
1.2103E+11,27.7112669,-82.6356462,1146,974.1,AE Coastal Floodplain,0.85,PuLP_CBC,8,Sanderlin K-8,6.740945325476279
1.2103E+11,27.9323,-82.717051,1158,984.3,AE Coastal Floodplain,0.85,PuLP_CBC,14,Skycrest Elementary,9.504535662857531
1.2103E+11,27.8422482,-82.7580775,1234,1048.9,AE Coastal Floodplain,0.85,PuLP_CBC,16,Lealman Exchange,8.241237404864375
1.2103E+11,27.9931079,-82.793579,1193,1014.05,AE Coastal Floodplain,0.85,PuLP_CBC,14,Skycrest Elementary,6.145915382483199
1.2103E+11,27.6502084,-82.7310416,708,601.8,AE Coastal Floodplain,0.85,PuLP_CBC,8,Sanderlin K-8,23.433377517460084
1.2103E+11,27.9297993,-82.7134643,1994,1694.9,AE Coastal Floodplain,0.85,PuLP_CBC,14,Skycrest Elementary,9.368968032089658
1.2103E+11,27.7362996,-82.6281628,1315,1117.75,AE Coastal Floodplain,0.85,PuLP_CBC,8,Sanderlin K-8,5.115029492207625
1.2103E+11,28.0198611,-82.6883863,1184,1006.4,AE Coastal Floodplain,0.85,PuLP_CBC,1,Palm Harbor Middle,11.213517307443412
1.2103E+11,27.7103682,-82.7225381,846,719.1,AE Coastal Floodplain,0.85,PuLP_CBC,8,Sanderlin K-8,8.686192131291534
1.2103E+11,27.7589326,-82.7209059,851,42.55,X Unshaded / Minimal,0.05,PuLP_CBC,8,Sanderlin K-8,6.403805219486039
1.2103E+11,27.7609839,-82.7058642,645,32.25,X Unshaded / Minimal,0.05,PuLP_CBC,8,Sanderlin K-8,4.946721897084943
1.2103E+11,27.7553237,-82.703826,626,31.3,X Unshaded / Minimal,0.05,PuLP_CBC,8,Sanderlin K-8,4.387465533396036
1.2103E+11,27.7406345,-82.7029727,1520,1292.0,AE Coastal Floodplain,0.85,PuLP_CBC,8,Sanderlin K-8,4.488708164015949
1.2103E+11,27.7393316,-82.6988289,374,317.9,AE Coastal Floodplain,0.85,PuLP_CBC,8,Sanderlin K-8,4.232466041526203
1.2103E+11,27.7831322,-82.6506909,990,49.5,X Unshaded / Minimal,0.05,PuLP_CBC,8,Sanderlin K-8,4.670780586871359
1.2103E+11,27.8178347,-82.7720541,1017,864.45,AE Coastal Floodplain,0.85,PuLP_CBC,16,Lealman Exchange,8.834440325021337
1.2103E+11,28.0328855,-82.7457583,1427,1141.6,AE/A — 100-yr Floodplain,0.8,PuLP_CBC,1,Palm Harbor Middle,4.2848911994320265
1.2103E+11,27.9936979,-82.7835317,1274,1019.2,AE/A — 100-yr Floodplain,0.8,PuLP_CBC,14,Skycrest Elementary,5.225492601751482
1.2103E+11,27.9838416,-82.7780096,1826,1460.8,AE/A — 100-yr Floodplain,0.8,PuLP_CBC,14,Skycrest Elementary,3.757899688537381
1.2103E+11,27.9839153,-82.7826045,1955,1564.0,AE/A — 100-yr Floodplain,0.8,PuLP_CBC,14,Skycrest Elementary,4.169013264062452
1.2103E+11,27.9702128,-82.7824767,995,796.0,AE/A — 100-yr Floodplain,0.8,PuLP_CBC,14,Skycrest Elementary,2.677880522365036
1.2103E+11,27.9534344,-82.7486452,1029,205.8,X Shaded — 500-yr,0.2,PuLP_CBC,14,Skycrest Elementary,2.716923985268072
1.2103E+11,27.9756833,-82.7606126,2174,1739.2,AE/A — 100-yr Floodplain,0.8,PuLP_CBC,14,Skycrest Elementary,1.3243935114619914
1.2103E+11,27.9647083,-82.7603763,2087,104.35,X Unshaded / Minimal,0.05,PuLP_CBC,14,Skycrest Elementary,0.0645211514950571
1.2103E+11,27.9936639,-82.7654686,759,607.2,AE/A — 100-yr Floodplain,0.8,PuLP_CBC,14,Skycrest Elementary,3.2844966062031844
1.2103E+11,27.9851263,-82.7704318,1282,1025.6,AE/A — 100-yr Floodplain,0.8,PuLP_CBC,14,Skycrest Elementary,2.8375009375785694
1.2103E+11,27.98749,-82.7190799,2245,1796.0,AE/A — 100-yr Floodplain,0.8,PuLP_CBC,14,Skycrest Elementary,5.729877097238468
1.2103E+11,27.9796751,-82.7241369,1168,1168.0,AE Floodway,1.0,PuLP_CBC,14,Skycrest Elementary,4.357400072817867
1.2103E+11,28.040323,-82.7709114,1750,1400.0,AE/A — 100-yr Floodplain,0.8,PuLP_CBC,1,Palm Harbor Middle,5.33312371873378
1.2103E+11,28.0288253,-82.7897979,1641,1394.85,AE Coastal Floodplain,0.85,PuLP_CBC,1,Palm Harbor Middle,6.361908385206895
1.2103E+11,28.033061,-82.724374,2253,112.65,X Unshaded / Minimal,0.05,PuLP_CBC,1,Palm Harbor Middle,6.146364913329011
1.2103E+11,28.0294839,-82.6954312,892,758.2,AE Coastal Floodplain,0.85,PuLP_CBC,1,Palm Harbor Middle,10.020446870018542
1.2103E+11,27.9653468,-82.6638057,874,742.9,AE Coastal Floodplain,0.85,PuLP_CBC,14,Skycrest Elementary,9.939337901972127
1.2103E+11,28.1628869,-82.7119135,1292,1033.6,AE/A — 100-yr Floodplain,0.8,PuLP_CBC,1,Palm Harbor Middle,13.37174001775494
1.2103E+11,27.8364086,-82.8060615,1872,1591.2,AE Coastal Floodplain,0.85,PuLP_CBC,17,Mildred Helms Elementary,9.916020609032303
1.2103E+11,27.847411,-82.7891612,365,18.25,X Unshaded / Minimal,0.05,PuLP_CBC,17,Mildred Helms Elementary,7.873689958944309
1.2103E+11,27.8553789,-82.8061102,1932,96.6,X Unshaded / Minimal,0.05,PuLP_CBC,17,Mildred Helms Elementary,7.610241424656451
1.2103E+11,27.856376,-82.8347573,1602,1361.7,AE Coastal Floodplain,0.85,PuLP_CBC,17,Mildred Helms Elementary,8.753946655524553
1.2103E+11,27.8622219,-82.8404035,1541,1309.85,AE Coastal Floodplain,0.85,PuLP_CBC,17,Mildred Helms Elementary,9.064833695080392
1.2103E+11,27.7028439,-82.6581921,1329,1129.65,AE Coastal Floodplain,0.85,PuLP_CBC,8,Sanderlin K-8,7.270568790769754
1.2103E+11,27.7902361,-82.6336645,780,663.0,AE Coastal Floodplain,0.85,PuLP_CBC,8,Sanderlin K-8,7.212581187595719
1.2103E+11,27.7989897,-82.6220916,2142,1820.7,AE Coastal Floodplain,0.85,PuLP_CBC,8,Sanderlin K-8,8.840242764005387
1.2103E+11,27.8255776,-82.6282282,1470,1249.5,AE Coastal Floodplain,0.85,PuLP_CBC,16,Lealman Exchange,7.071556566183683
1.2103E+11,27.8793204,-82.8435343,578,491.3,AE Coastal Floodplain,0.85,PuLP_CBC,17,Mildred Helms Elementary,7.252082041812008
1.2103E+11,27.8872129,-82.8378817,520,442.0,AE Coastal Floodplain,0.85,PuLP_CBC,17,Mildred Helms Elementary,5.526829078218676
1.2103E+11,27.8849113,-82.8346234,930,186.0,X Shaded — 500-yr,0.2,PuLP_CBC,17,Mildred Helms Elementary,5.779903273965804
1.2103E+11,27.8961293,-82.8269775,2008,1706.8,AE Coastal Floodplain,0.85,PuLP_CBC,17,Mildred Helms Elementary,4.321031394877518
1.2103E+11,27.9124494,-82.7667489,1436,287.2,X Shaded — 500-yr,0.2,PuLP_CBC,17,Mildred Helms Elementary,4.199557088511608
1.2103E+11,27.9119836,-82.778763,1103,55.15,X Unshaded / Minimal,0.05,PuLP_CBC,17,Mildred Helms Elementary,2.0120805340916315
1.2103E+11,27.889445,-82.806275,2522,2017.6,AE/A — 100-yr Floodplain,0.8,PuLP_CBC,17,Mildred Helms Elementary,3.329187965294611
1.2103E+11,27.8395242,-82.6366179,1372,1166.2,AE Coastal Floodplain,0.85,PuLP_CBC,16,Lealman Exchange,7.703568698112537
1.2103E+11,27.8277315,-82.6366536,1423,1209.55,AE Coastal Floodplain,0.85,PuLP_CBC,16,Lealman Exchange,6.25936014688104
1.2103E+11,27.8578678,-82.6352248,1406,1195.1,AE Coastal Floodplain,0.85,PuLP_CBC,16,Lealman Exchange,8.447846172445173
1.2103E+11,27.8169207,-82.6849263,1561,1248.8,AE/A — 100-yr Floodplain,0.8,PuLP_CBC,16,Lealman Exchange,1.3770044387921443
1.2103E+11,27.847711,-82.8329968,1744,1482.4,AE Coastal Floodplain,0.85,PuLP_CBC,17,Mildred Helms Elementary,10.520214224923722
1.2103E+11,27.8623541,-82.8248328,1041,52.05,X Unshaded / Minimal,0.05,PuLP_CBC,17,Mildred Helms Elementary,8.024400638226268
1.2103E+11,27.885846,-82.830643,699,34.95,X Unshaded / Minimal,0.05,PuLP_CBC,17,Mildred Helms Elementary,5.687203877684842
1.2103E+11,27.9293123,-82.7562857,2545,2163.25,AE Coastal Floodplain,0.85,PuLP_CBC,14,Skycrest Elementary,4.151452115317889
1.2103E+11,27.9227663,-82.7350224,818,695.3,AE Coastal Floodplain,0.85,PuLP_CBC,14,Skycrest Elementary,7.508269727308813
1.2103E+11,27.9241795,-82.742913,1925,1636.25,AE Coastal Floodplain,0.85,PuLP_CBC,14,Skycrest Elementary,5.8997328024957625
1.2103E+11,27.9101043,-82.7361445,941,188.2,X Shaded — 500-yr,0.2,PuLP_CBC,17,Mildred Helms Elementary,8.387019567469661
1.2103E+11,27.9129906,-82.7502079,1923,96.15,X Unshaded / Minimal,0.05,PuLP_CBC,17,Mildred Helms Elementary,4.924785604181298
1.2103E+11,27.9047114,-82.7607428,1510,302.0,X Shaded — 500-yr,0.2,PuLP_CBC,17,Mildred Helms Elementary,5.044098805983743
1.2103E+11,27.9214355,-82.7599058,1253,1065.05,AE Coastal Floodplain,0.85,PuLP_CBC,17,Mildred Helms Elementary,4.28516055700209
1.2103E+11,27.9533671,-82.7422632,1393,69.65,X Unshaded / Minimal,0.05,PuLP_CBC,14,Skycrest Elementary,3.440137916017371
1.2103E+11,27.9589315,-82.7384038,951,47.55,X Unshaded / Minimal,0.05,PuLP_CBC,14,Skycrest Elementary,2.7040899754497287
1.2103E+11,27.9512924,-82.7341289,1496,74.8,X Unshaded / Minimal,0.05,PuLP_CBC,14,Skycrest Elementary,4.479895227572456
1.2103E+11,27.9402645,-82.739023,1240,1054.0,AE Coastal Floodplain,0.85,PuLP_CBC,14,Skycrest Elementary,5.004976676904069
1.2103E+11,27.9127188,-82.7911496,1159,57.95,X Unshaded / Minimal,0.05,PuLP_CBC,17,Mildred Helms Elementary,1.544676620247422
1.2103E+11,27.9162927,-82.795748,1433,71.65,X Unshaded / Minimal,0.05,PuLP_CBC,17,Mildred Helms Elementary,0.5311205369737293
1.2103E+11,27.9789739,-82.8191523,684,684.0,VE/V — Coastal High Hazard,1.0,PuLP_CBC,14,Skycrest Elementary,6.99117222950243
1.2103E+11,27.9661492,-82.7404702,1567,1253.6,AE/A — 100-yr Floodplain,0.8,PuLP_CBC,14,Skycrest Elementary,2.269545061732296
1.2103E+11,27.9778038,-82.7151544,1567,78.35,X Unshaded / Minimal,0.05,PuLP_CBC,14,Skycrest Elementary,5.232959522691229
1.2103E+11,28.0254757,-82.7276291,1067,213.4,X Shaded — 500-yr,0.2,PuLP_CBC,1,Palm Harbor Middle,6.834605094701934
1.2103E+11,28.0175713,-82.7178783,765,38.25,X Unshaded / Minimal,0.05,PuLP_CBC,1,Palm Harbor Middle,8.638950863872253
1.2103E+11,27.9942789,-82.7169436,1954,1563.2,AE/A — 100-yr Floodplain,0.8,PuLP_CBC,14,Skycrest Elementary,5.937388006474193
1.2103E+11,28.0457006,-82.7250467,792,39.6,X Unshaded / Minimal,0.05,PuLP_CBC,1,Palm Harbor Middle,4.674355394038716
1.2103E+11,28.1054497,-82.7831581,1284,1091.4,AE Coastal Floodplain,0.85,PuLP_CBC,1,Palm Harbor Middle,5.26620108353471
1.2103E+11,28.0666662,-82.7817522,1273,1082.05,AE Coastal Floodplain,0.85,PuLP_CBC,1,Palm Harbor Middle,2.4800895299466794
1.2103E+11,28.114897,-82.7742648,2370,2014.5,AE Coastal Floodplain,0.85,PuLP_CBC,1,Palm Harbor Middle,6.645089130287352
1.2103E+11,28.0748503,-82.7718785,1366,1161.1,AE Coastal Floodplain,0.85,PuLP_CBC,1,Palm Harbor Middle,2.259436127412984
1.2103E+11,28.0226505,-82.6982995,1840,368.0,X Shaded — 500-yr,0.2,PuLP_CBC,1,Palm Harbor Middle,10.212193621807035
1.2103E+11,28.0081605,-82.6883666,1675,83.75,X Unshaded / Minimal,0.05,PuLP_CBC,14,Skycrest Elementary,10.724265677052282
1.2103E+11,28.0387103,-82.7340082,492,24.6,X Unshaded / Minimal,0.05,PuLP_CBC,1,Palm Harbor Middle,4.68646498110259
1.2103E+11,27.9704359,-82.7204757,2680,2144.0,AE/A — 100-yr Floodplain,0.8,PuLP_CBC,14,Skycrest Elementary,4.197036866581947
1.2103E+11,27.9696618,-82.7249175,747,597.6,AE/A — 100-yr Floodplain,0.8,PuLP_CBC,14,Skycrest Elementary,3.767996319281406
1.2103E+11,27.9730406,-82.7127208,409,347.65,AE Coastal Floodplain,0.85,PuLP_CBC,14,Skycrest Elementary,5.880576027429613
1.2103E+11,27.9643026,-82.7151816,948,805.8,AE Coastal Floodplain,0.85,PuLP_CBC,14,Skycrest Elementary,4.707134423747471
1.2103E+11,28.0231337,-82.742716,1542,77.1,X Unshaded / Minimal,0.05,PuLP_CBC,1,Palm Harbor Middle,5.75449961782557
1.2103E+11,28.0409052,-82.7435585,1574,1259.2,AE/A — 100-yr Floodplain,0.8,PuLP_CBC,1,Palm Harbor Middle,3.413425200583544
1.2103E+11,28.087588,-82.7767201,370,314.5,AE Coastal Floodplain,0.85,PuLP_CBC,1,Palm Harbor Middle,3.919926501683592
1.2103E+11,27.8093667,-82.8134945,813,691.05,AE Coastal Floodplain,0.85,PuLP_CBC,16,Lealman Exchange,13.7394941776051
1.2103E+11,27.8327673,-82.8287985,463,393.55,AE Coastal Floodplain,0.85,PuLP_CBC,17,Mildred Helms Elementary,14.32578130823381
1.2103E+11,27.7881827,-82.787331,639,543.15,AE Coastal Floodplain,0.85,PuLP_CBC,16,Lealman Exchange,14.169831533548455
1.2103E+11,27.7676601,-82.7665099,595,595.0,VE/V — Coastal High Hazard,1.0,PuLP_CBC,8,Sanderlin K-8,11.903376362013338
1.2103E+11,27.6861398,-82.738163,617,524.45,AE Coastal Floodplain,0.85,PuLP_CBC,14,Skycrest Elementary,93.79793948771076
1.2103E+11,27.7028937,-82.7360048,1373,1167.05,AE Coastal Floodplain,0.85,PuLP_CBC,8,Sanderlin K-8,10.960026696075836
1.2103E+11,27.7442143,-82.7504676,803,682.55,AE Coastal Floodplain,0.85,PuLP_CBC,8,Sanderlin K-8,9.90547951042259
1.2103E+11,28.0284391,-82.7677732,725,145.0,X Shaded — 500-yr,0.2,PuLP_CBC,1,Palm Harbor Middle,6.637573780251001
1.2103E+11,28.0261321,-82.750518,1565,1252.0,AE/A — 100-yr Floodplain,0.8,PuLP_CBC,1,Palm Harbor Middle,5.012405094179174
1.2103E+11,28.0210388,-82.761789,1986,1588.8,AE/A — 100-yr Floodplain,0.8,PuLP_CBC,14,Skycrest Elementary,6.261149329209454
1.2103E+11,27.9980025,-82.7452163,1182,59.1,X Unshaded / Minimal,0.05,PuLP_CBC,14,Skycrest Elementary,4.792048124835575
1.2103E+11,27.9981306,-82.7382518,1231,61.55,X Unshaded / Minimal,0.05,PuLP_CBC,14,Skycrest Elementary,4.792378814316574
1.2103E+11,28.0036054,-82.7409118,714,142.8,X Shaded — 500-yr,0.2,PuLP_CBC,14,Skycrest Elementary,5.398554627153135
1.2103E+11,27.7528102,-82.7558262,918,780.3,AE Coastal Floodplain,0.85,PuLP_CBC,8,Sanderlin K-8,10.971812836687848
1.2103E+11,27.983359,-82.798442,1055,896.75,AE Coastal Floodplain,0.85,PuLP_CBC,14,Skycrest Elementary,5.281294691620847
1.2103E+11,27.7744469,-82.6516521,525,26.25,X Unshaded / Minimal,0.05,PuLP_CBC,8,Sanderlin K-8,4.150950402673013
1.2103E+11,27.8472568,-82.6365252,636,540.6,AE Coastal Floodplain,0.85,PuLP_CBC,16,Lealman Exchange,8.35007858903428
1.2103E+11,28.0257441,-82.8153575,1087,923.95,AE Coastal Floodplain,0.85,PuLP_CBC,1,Palm Harbor Middle,6.678704016980125
1.2103E+11,28.0304639,-82.7805498,2190,1861.5,AE Coastal Floodplain,0.85,PuLP_CBC,1,Palm Harbor Middle,7.1417519865622445
1.2103E+11,28.0864617,-82.7428138,2103,420.6,X Shaded — 500-yr,0.2,PuLP_CBC,1,Palm Harbor Middle,3.390036272986245
1.2103E+11,28.08744,-82.7534608,2964,592.8,X Shaded — 500-yr,0.2,PuLP_CBC,1,Palm Harbor Middle,2.657111064296541
1.2103E+11,28.0534787,-82.7504621,2046,409.2,X Shaded — 500-yr,0.2,PuLP_CBC,1,Palm Harbor Middle,2.07316468250142
1.2103E+11,28.0608244,-82.7603878,2054,410.8,X Shaded — 500-yr,0.2,PuLP_CBC,1,Palm Harbor Middle,1.858920187148187
1.2103E+11,27.744894,-82.7589512,984,984.0,VE/V — Coastal High Hazard,1.0,PuLP_CBC,8,Sanderlin K-8,10.620904327927832
1.2103E+11,27.7279058,-82.688172,1818,1545.3,AE Coastal Floodplain,0.85,PuLP_CBC,8,Sanderlin K-8,3.939812311738836
1.2103E+11,27.7649197,-82.725839,1089,925.65,AE Coastal Floodplain,0.85,PuLP_CBC,8,Sanderlin K-8,6.961190824402402
1.2103E+11,27.9019165,-82.7165845,2340,1989.0,AE Coastal Floodplain,0.85,PuLP_CBC,17,Mildred Helms Elementary,9.790795327597328
1.2103E+11,27.8171914,-82.6934091,1357,1085.6,AE/A — 100-yr Floodplain,0.8,PuLP_CBC,16,Lealman Exchange,2.093328995808532
1.2103E+11,27.9137142,-82.758295,1760,352.0,X Shaded — 500-yr,0.2,PuLP_CBC,17,Mildred Helms Elementary,4.158066575420756
1.2103E+11,27.9556611,-82.8301683,1013,861.05,AE Coastal Floodplain,0.85,PuLP_CBC,17,Mildred Helms Elementary,9.412432125993131
1.2103E+11,27.8112852,-82.7163302,1139,911.2,AE/A — 100-yr Floodplain,0.8,PuLP_CBC,16,Lealman Exchange,3.014682302603293
1.2103E+11,28.0519865,-82.7856387,1362,1157.7,AE Coastal Floodplain,0.85,PuLP_CBC,1,Palm Harbor Middle,4.461700056244855
1.2103E+11,27.7175591,-82.6525742,1111,944.35,AE Coastal Floodplain,0.85,PuLP_CBC,8,Sanderlin K-8,5.564273752954308
1.2103E+11,27.9198196,-82.7801991,1536,1305.6,AE Coastal Floodplain,0.85,PuLP_CBC,17,Mildred Helms Elementary,2.0285490680532745
1.2103E+11,28.1534469,-82.7474336,1194,1194.0,AE Floodway,1.0,PuLP_CBC,1,Palm Harbor Middle,11.394592979224084
1.2103E+11,27.8533034,-82.7731907,2557,2173.45,AE Coastal Floodplain,0.85,PuLP_CBC,17,Mildred Helms Elementary,8.440306970759542
1.2103E+11,27.8750722,-82.8076531,2130,426.0,X Shaded — 500-yr,0.2,PuLP_CBC,17,Mildred Helms Elementary,4.67730577079031
1.2103E+11,27.7082186,-82.7134301,506,430.1,AE Coastal Floodplain,0.85,PuLP_CBC,8,Sanderlin K-8,8.348458210206893
1.2103E+11,27.7090796,-82.7017464,873,742.05,AE Coastal Floodplain,0.85,PuLP_CBC,8,Sanderlin K-8,6.760392621932709
1.2103E+11,27.7171825,-82.702791,870,739.5,AE Coastal Floodplain,0.85,PuLP_CBC,8,Sanderlin K-8,6.61935297876384
1.2103E+11,27.7159701,-82.6730623,2124,1805.4,AE Coastal Floodplain,0.85,PuLP_CBC,8,Sanderlin K-8,4.409660460289397
1.2103E+11,27.7156031,-82.6651862,2471,2100.35,AE Coastal Floodplain,0.85,PuLP_CBC,8,Sanderlin K-8,4.971710209594826
1.2103E+11,27.6768779,-82.67788,1820,1547.0,AE Coastal Floodplain,0.85,PuLP_CBC,14,Skycrest Elementary,93.79793948771076
1.2103E+11,27.7137205,-82.6593436,1545,77.25,X Unshaded / Minimal,0.05,PuLP_CBC,8,Sanderlin K-8,5.707489765710212
1.2103E+11,27.7023367,-82.6503537,912,775.2,AE Coastal Floodplain,0.85,PuLP_CBC,8,Sanderlin K-8,7.125582716153824
1.2103E+11,28.0649796,-82.7689839,1276,1084.6,AE Coastal Floodplain,0.85,PuLP_CBC,1,Palm Harbor Middle,1.8938930718260287
1.2103E+11,28.0758668,-82.7128383,1711,1368.8,AE/A — 100-yr Floodplain,0.8,PuLP_CBC,1,Palm Harbor Middle,4.592842775247214
1.2103E+11,27.9356651,-82.7924687,297,237.6,AE/A — 100-yr Floodplain,0.8,PuLP_CBC,17,Mildred Helms Elementary,2.7749225350698685
1.2103E+11,27.9927107,-82.7383092,1763,1410.4,AE/A — 100-yr Floodplain,0.8,PuLP_CBC,14,Skycrest Elementary,4.505030550918309
1.2103E+11,28.0620871,-82.7171708,2107,1685.6,AE/A — 100-yr Floodplain,0.8,PuLP_CBC,1,Palm Harbor Middle,3.825695184753608
1.2103E+11,27.8167369,-82.63255,786,668.1,AE Coastal Floodplain,0.85,PuLP_CBC,16,Lealman Exchange,6.742490104170918
1.2103E+11,27.8148258,-82.5917843,894,759.9,AE Coastal Floodplain,0.85,PuLP_CBC,16,Lealman Exchange,11.105428313100855
1.2103E+11,27.8667654,-82.6411417,2530,2150.5,AE Coastal Floodplain,0.85,PuLP_CBC,16,Lealman Exchange,8.712117520779916
1.2103E+11,27.8866924,-82.6408638,1603,1362.55,AE Coastal Floodplain,0.85,PuLP_CBC,16,Lealman Exchange,11.068594599047554
1.2103E+11,27.847167,-82.6428435,2188,1859.8,AE Coastal Floodplain,0.85,PuLP_CBC,16,Lealman Exchange,7.741777412409119
1.2103E+11,27.8592475,-82.6439245,1758,1494.3,AE Coastal Floodplain,0.85,PuLP_CBC,16,Lealman Exchange,7.918655609681284
1.2103E+11,27.8668383,-82.6608153,755,604.0,AE/A — 100-yr Floodplain,0.8,PuLP_CBC,16,Lealman Exchange,7.446441151619693
1.2103E+11,27.8798582,-82.6527966,3102,2636.7,AE Coastal Floodplain,0.85,PuLP_CBC,16,Lealman Exchange,10.3020419444472
1.2103E+11,28.0880335,-82.715323,944,188.8,X Shaded — 500-yr,0.2,PuLP_CBC,1,Palm Harbor Middle,4.932943287501136
1.2103E+11,28.0595261,-82.7338511,2233,446.6,X Shaded — 500-yr,0.2,PuLP_CBC,1,Palm Harbor Middle,2.612362774190652
1.2103E+11,28.0520185,-82.7143902,2260,1921.0,AE Coastal Floodplain,0.85,PuLP_CBC,1,Palm Harbor Middle,5.68781295054333
1.2103E+11,28.0500645,-82.6914878,2164,1731.2,AE/A — 100-yr Floodplain,0.8,PuLP_CBC,1,Palm Harbor Middle,6.660118996751506
1.2103E+11,27.8450428,-82.6600384,1191,1012.35,AE Coastal Floodplain,0.85,PuLP_CBC,16,Lealman Exchange,5.410967788829757
1.2103E+11,27.8544912,-82.6534922,1228,982.4,AE/A — 100-yr Floodplain,0.8,PuLP_CBC,16,Lealman Exchange,6.846831731215328
1.2103E+11,27.8452502,-82.6507598,1020,867.0,AE Coastal Floodplain,0.85,PuLP_CBC,16,Lealman Exchange,9.005009039917777
1.2103E+11,27.8702006,-82.7243636,2421,484.2,X Shaded — 500-yr,0.2,PuLP_CBC,16,Lealman Exchange,8.73845234656747
1.2103E+11,27.9207845,-82.7164497,346,294.1,AE Coastal Floodplain,0.85,PuLP_CBC,17,Mildred Helms Elementary,8.964062343023045
1.2103E+11,27.8970235,-82.6704353,1793,1524.05,AE Coastal Floodplain,0.85,PuLP_CBC,16,Lealman Exchange,10.613273327755952
1.2103E+11,27.9053613,-82.6449239,1683,1430.55,AE Coastal Floodplain,0.85,PuLP_CBC,16,Lealman Exchange,12.427488740897216
1.2103E+11,28.0808662,-82.7045192,1255,1255.0,AE Floodway,1.0,PuLP_CBC,1,Palm Harbor Middle,6.56721589893263
1.2103E+11,28.0718524,-82.7085989,1927,1541.6,AE/A — 100-yr Floodplain,0.8,PuLP_CBC,1,Palm Harbor Middle,5.577992799871436
1.2103E+11,28.0745893,-82.6694139,2066,1652.8,AE/A — 100-yr Floodplain,0.8,PuLP_CBC,1,Palm Harbor Middle,8.635433815713164
1.2103E+11,28.0740722,-82.6870824,1675,1340.0,AE/A — 100-yr Floodplain,0.8,PuLP_CBC,1,Palm Harbor Middle,8.775038882581354
1.2103E+11,28.0650995,-82.6964305,1860,1488.0,AE/A — 100-yr Floodplain,0.8,PuLP_CBC,1,Palm Harbor Middle,5.874689580583772
1.2103E+11,28.0599826,-82.7008467,2137,1709.6,AE/A — 100-yr Floodplain,0.8,PuLP_CBC,1,Palm Harbor Middle,5.475061595233056
1.2103E+11,28.0472945,-82.6592841,2824,2400.4,AE Coastal Floodplain,0.85,PuLP_CBC,1,Palm Harbor Middle,10.56982185945986
1.2103E+11,27.8811844,-82.6945405,1670,1336.0,AE/A — 100-yr Floodplain,0.8,PuLP_CBC,16,Lealman Exchange,7.542722726814003
1.2103E+11,27.9120264,-82.722251,2201,1870.85,AE Coastal Floodplain,0.85,PuLP_CBC,17,Mildred Helms Elementary,8.163556005631873
1.2103E+11,27.8958933,-82.8492414,507,430.95,AE Coastal Floodplain,0.85,PuLP_CBC,17,Mildred Helms Elementary,7.557432146751029
1.2103E+11,27.8953575,-82.8435166,1589,1350.65,AE Coastal Floodplain,0.85,PuLP_CBC,17,Mildred Helms Elementary,7.544696411321662
1.2103E+11,27.9157734,-82.8433723,726,617.1,AE Coastal Floodplain,0.85,PuLP_CBC,17,Mildred Helms Elementary,5.328816379669677
1.2103E+11,27.9029487,-82.7257909,1593,79.65,X Unshaded / Minimal,0.05,PuLP_CBC,17,Mildred Helms Elementary,8.446547201775662
1.2103E+11,27.9052024,-82.7087502,1105,939.25,AE Coastal Floodplain,0.85,PuLP_CBC,17,Mildred Helms Elementary,9.67478232245917
1.2103E+11,27.9045518,-82.7068218,2546,2164.1,AE Coastal Floodplain,0.85,PuLP_CBC,17,Mildred Helms Elementary,9.872440751938392
1.2103E+11,27.8375585,-82.6801265,1103,937.55,AE Coastal Floodplain,0.85,PuLP_CBC,16,Lealman Exchange,3.056849970696435
1.2103E+11,27.8258162,-82.6857341,977,781.6,AE/A — 100-yr Floodplain,0.8,PuLP_CBC,16,Lealman Exchange,2.70015448901584
1.2103E+11,27.8250523,-82.6948854,1013,202.6,X Shaded — 500-yr,0.2,PuLP_CBC,16,Lealman Exchange,1.9286639943244843
1.2103E+11,27.8224317,-82.686662,975,48.75,X Unshaded / Minimal,0.05,PuLP_CBC,16,Lealman Exchange,0.6300127406769083
1.2103E+11,27.8849648,-82.8514073,658,559.3,AE Coastal Floodplain,0.85,PuLP_CBC,17,Mildred Helms Elementary,8.240005310187932
1.2103E+11,27.8488791,-82.8439567,608,516.8,AE Coastal Floodplain,0.85,PuLP_CBC,17,Mildred Helms Elementary,12.064706406367913
1.2103E+11,27.861535,-82.8482619,534,453.9,AE Coastal Floodplain,0.85,PuLP_CBC,17,Mildred Helms Elementary,10.629860569562103
1.2103E+11,27.8032436,-82.8025834,468,397.8,AE Coastal Floodplain,0.85,PuLP_CBC,16,Lealman Exchange,12.502283795076588
1.2103E+11,27.8110183,-82.6897823,779,38.95,X Unshaded / Minimal,0.05,PuLP_CBC,16,Lealman Exchange,2.439863804628564
1.2103E+11,27.8105865,-82.6845201,698,34.9,X Unshaded / Minimal,0.05,PuLP_CBC,16,Lealman Exchange,1.9156726325891325
1.2103E+11,27.8266508,-82.7248073,1303,1042.4,AE/A — 100-yr Floodplain,0.8,PuLP_CBC,16,Lealman Exchange,3.838799010092556
1.2103E+11,27.823726,-82.7166067,939,751.2,AE/A — 100-yr Floodplain,0.8,PuLP_CBC,16,Lealman Exchange,2.264496540939615
1.2103E+11,27.8170119,-82.7179561,1521,1216.8,AE/A — 100-yr Floodplain,0.8,PuLP_CBC,16,Lealman Exchange,3.1866274386650684
1.2103E+11,27.8628901,-82.7225104,1203,240.6,X Shaded — 500-yr,0.2,PuLP_CBC,16,Lealman Exchange,7.524610858621036
1.2103E+11,27.873081,-82.7327693,1698,1443.3,AE Coastal Floodplain,0.85,PuLP_CBC,16,Lealman Exchange,9.3804222907276
1.2103E+11,27.8796017,-82.7559935,1130,226.0,X Shaded — 500-yr,0.2,PuLP_CBC,17,Mildred Helms Elementary,6.715793643025866
1.2103E+11,27.7958961,-82.7825141,2297,1952.45,AE Coastal Floodplain,0.85,PuLP_CBC,16,Lealman Exchange,13.842947681758544
1.2103E+11,27.7111796,-82.7283321,1356,1356.0,VE/V — Coastal High Hazard,1.0,PuLP_CBC,8,Sanderlin K-8,9.21872478111572
1.2103E+11,27.7168007,-82.7396221,400,400.0,VE/V — Coastal High Hazard,1.0,PuLP_CBC,8,Sanderlin K-8,10.937070609366964
1.2103E+11,27.8760747,-82.7716868,1828,1553.8,AE Coastal Floodplain,0.85,PuLP_CBC,17,Mildred Helms Elementary,8.029906593409608
1.2103E+11,27.8587989,-82.7558704,1017,203.4,X Shaded — 500-yr,0.2,PuLP_CBC,17,Mildred Helms Elementary,8.977071150766156
1.2103E+11,27.8173773,-82.7411398,1265,1265.0,AE Floodway,1.0,PuLP_CBC,16,Lealman Exchange,4.64134974589058
1.2103E+11,27.8191179,-82.7329707,1217,973.6,AE/A — 100-yr Floodplain,0.8,PuLP_CBC,16,Lealman Exchange,3.847439596029567
1.2103E+11,27.8142043,-82.7559232,587,498.95,AE Coastal Floodplain,0.85,PuLP_CBC,16,Lealman Exchange,6.604837681661575
1.2103E+11,27.8108419,-82.7425224,1801,1530.85,AE Coastal Floodplain,0.85,PuLP_CBC,16,Lealman Exchange,5.557164357111157
1.2103E+11,27.8301985,-82.776859,1681,1428.85,AE Coastal Floodplain,0.85,PuLP_CBC,17,Mildred Helms Elementary,9.56351654530812
1.2103E+11,27.7487654,-82.7212655,1976,1679.6,AE Coastal Floodplain,0.85,PuLP_CBC,8,Sanderlin K-8,5.038159822803162
1.2103E+11,27.7471256,-82.7391396,937,796.45,AE Coastal Floodplain,0.85,PuLP_CBC,8,Sanderlin K-8,8.378246020789508
1.2103E+11,27.7555345,-82.7351875,1122,953.7,AE Coastal Floodplain,0.85,PuLP_CBC,8,Sanderlin K-8,7.734496876729938
1.2103E+11,27.7592899,-82.7385946,1204,1023.4,AE Coastal Floodplain,0.85,PuLP_CBC,8,Sanderlin K-8,7.435789643216752
1.2103E+11,27.7805093,-82.6746951,1104,220.8,X Shaded — 500-yr,0.2,PuLP_CBC,8,Sanderlin K-8,4.414019434758924
1.2103E+11,27.7654914,-82.6964445,645,32.25,X Unshaded / Minimal,0.05,PuLP_CBC,8,Sanderlin K-8,4.829927587706606
1.2103E+11,27.7695927,-82.6937034,710,35.5,X Unshaded / Minimal,0.05,PuLP_CBC,8,Sanderlin K-8,4.956526113131242
1.2103E+11,27.7675913,-82.6824542,814,40.7,X Unshaded / Minimal,0.05,PuLP_CBC,8,Sanderlin K-8,3.699464321303593
1.2103E+11,27.7772811,-82.7033081,1176,58.8,X Unshaded / Minimal,0.05,PuLP_CBC,16,Lealman Exchange,5.809322750710526
1.2103E+11,27.7671298,-82.7069388,429,21.45,X Unshaded / Minimal,0.05,PuLP_CBC,8,Sanderlin K-8,6.226197574586455
1.2103E+11,27.7687849,-82.7271645,555,27.75,X Unshaded / Minimal,0.05,PuLP_CBC,8,Sanderlin K-8,7.790744816610895
1.2103E+11,27.775859,-82.7315782,1044,52.2,X Unshaded / Minimal,0.05,PuLP_CBC,16,Lealman Exchange,8.384909680119147
1.2103E+11,27.7759131,-82.725453,578,28.9,X Unshaded / Minimal,0.05,PuLP_CBC,16,Lealman Exchange,7.874572556312622
1.2103E+11,27.7759263,-82.7172322,2285,114.25,X Unshaded / Minimal,0.05,PuLP_CBC,16,Lealman Exchange,7.07920369604278
1.2103E+11,28.0012781,-82.7933787,1106,940.1,AE Coastal Floodplain,0.85,PuLP_CBC,14,Skycrest Elementary,6.89275665244301
1.2103E+11,28.0965547,-82.7273458,2073,414.6,X Shaded — 500-yr,0.2,PuLP_CBC,1,Palm Harbor Middle,5.273052195294086
1.2103E+11,28.0677233,-82.7120775,1365,1092.0,AE/A — 100-yr Floodplain,0.8,PuLP_CBC,1,Palm Harbor Middle,3.808962698419996
1.2103E+11,28.1528461,-82.7336242,1619,1376.15,AE Coastal Floodplain,0.85,PuLP_CBC,1,Palm Harbor Middle,11.080815991273576
1.2103E+11,27.7788352,-82.7411102,863,733.55,AE Coastal Floodplain,0.85,PuLP_CBC,16,Lealman Exchange,9.307711252956642
1.2103E+11,27.7869269,-82.7420621,1674,334.8,X Shaded — 500-yr,0.2,PuLP_CBC,16,Lealman Exchange,8.129097637120985
1.2103E+11,27.7986015,-82.7561673,1177,1000.45,AE Coastal Floodplain,0.85,PuLP_CBC,16,Lealman Exchange,8.138861658081613
1.2103E+11,27.7866762,-82.7483657,776,659.6,AE Coastal Floodplain,0.85,PuLP_CBC,16,Lealman Exchange,9.63976733737944
1.2103E+11,27.7860122,-82.7166824,1343,1074.4,AE/A — 100-yr Floodplain,0.8,PuLP_CBC,16,Lealman Exchange,6.949046522180628
1.2103E+11,27.7855542,-82.7255245,1494,1195.2,AE/A — 100-yr Floodplain,0.8,PuLP_CBC,16,Lealman Exchange,7.165242258966609
1.2103E+11,27.788165,-82.7352335,1948,97.4,X Unshaded / Minimal,0.05,PuLP_CBC,16,Lealman Exchange,8.318039934548874
1.2103E+11,27.8071376,-82.7433586,848,42.4,X Unshaded / Minimal,0.05,PuLP_CBC,16,Lealman Exchange,6.420770544314695
1.2103E+11,28.0860255,-82.764866,1792,1523.2,AE Coastal Floodplain,0.85,PuLP_CBC,1,Palm Harbor Middle,3.020109103677968
1.2103E+11,28.075473,-82.7537095,605,121.0,X Shaded — 500-yr,0.2,PuLP_CBC,1,Palm Harbor Middle,0.9462330301171484
1.2103E+11,28.0640734,-82.7554153,1111,55.55,X Unshaded / Minimal,0.05,PuLP_CBC,1,Palm Harbor Middle,0.2535565295682253
1.2103E+11,27.7994496,-82.733478,1573,1573.0,AE Floodway,1.0,PuLP_CBC,16,Lealman Exchange,7.386738659013603
1.2103E+11,27.8036807,-82.7156533,1461,1461.0,AE Floodway,1.0,PuLP_CBC,16,Lealman Exchange,3.755946383251093
1.2103E+11,27.7953645,-82.71811,2728,2182.4,AE/A — 100-yr Floodplain,0.8,PuLP_CBC,16,Lealman Exchange,5.577882002534016
1.2103E+11,27.8008634,-82.7252592,1883,1506.4,AE/A — 100-yr Floodplain,0.8,PuLP_CBC,16,Lealman Exchange,5.482748184568649
1.2103E+11,27.7895404,-82.7082283,847,677.6,AE/A — 100-yr Floodplain,0.8,PuLP_CBC,16,Lealman Exchange,4.68922228922196
1.2103E+11,27.7840463,-82.7088153,1079,53.95,X Unshaded / Minimal,0.05,PuLP_CBC,16,Lealman Exchange,5.544507936343882
1.2103E+11,27.804379,-82.7035624,1362,1362.0,AE Floodway,1.0,PuLP_CBC,16,Lealman Exchange,2.584440947041194
1.2103E+11,27.794376,-82.7051783,1407,1125.6,AE/A — 100-yr Floodplain,0.8,PuLP_CBC,16,Lealman Exchange,4.391119294299489
1.2103E+11,27.8008791,-82.708732,1804,1443.2,AE/A — 100-yr Floodplain,0.8,PuLP_CBC,16,Lealman Exchange,3.882790669571728
1.2103E+11,27.7868012,-82.682613,1410,282.0,X Shaded — 500-yr,0.2,PuLP_CBC,8,Sanderlin K-8,5.459631666218649
1.2103E+11,27.7873147,-82.6907848,2385,477.0,X Shaded — 500-yr,0.2,PuLP_CBC,16,Lealman Exchange,5.57145167241761
1.2103E+11,27.7863549,-82.697941,491,24.55,X Unshaded / Minimal,0.05,PuLP_CBC,16,Lealman Exchange,4.4870075339902655
1.2103E+11,27.8046436,-82.6859523,1926,96.3,X Unshaded / Minimal,0.05,PuLP_CBC,16,Lealman Exchange,3.0129025047800395
1.2103E+11,27.8043604,-82.6964705,934,46.7,X Unshaded / Minimal,0.05,PuLP_CBC,16,Lealman Exchange,2.591480802010537
1.2103E+11,27.8312451,-82.7329541,2871,2440.35,AE Coastal Floodplain,0.85,PuLP_CBC,16,Lealman Exchange,4.625051255715096
1.2103E+11,27.832052,-82.7438675,1979,1682.15,AE Coastal Floodplain,0.85,PuLP_CBC,16,Lealman Exchange,7.687459403372562
1.2103E+11,27.8249895,-82.7518185,1613,1371.05,AE Coastal Floodplain,0.85,PuLP_CBC,16,Lealman Exchange,6.3137724548561405
1.2103E+11,27.8356162,-82.7657038,2006,1705.1,AE Coastal Floodplain,0.85,PuLP_CBC,16,Lealman Exchange,8.667406026461215
1.2103E+11,28.0487499,-82.6798495,2221,1776.8,AE/A — 100-yr Floodplain,0.8,PuLP_CBC,1,Palm Harbor Middle,8.617523599290596
1.2103E+11,27.8311218,-82.7817805,871,740.35,AE Coastal Floodplain,0.85,PuLP_CBC,17,Mildred Helms Elementary,9.507864251361088
1.2103E+11,27.8242257,-82.7831707,1632,326.4,X Shaded — 500-yr,0.2,PuLP_CBC,16,Lealman Exchange,10.707379280465688
1.2103E+11,27.8180868,-82.796196,1202,1202.0,VE/V — Coastal High Hazard,1.0,PuLP_CBC,17,Mildred Helms Elementary,10.29944784121731
1.2103E+11,27.8170302,-82.7897397,1095,930.75,AE Coastal Floodplain,0.85,PuLP_CBC,16,Lealman Exchange,10.475561054779572
1.2103E+11,27.8018877,-82.6872403,2003,100.15,X Unshaded / Minimal,0.05,PuLP_CBC,16,Lealman Exchange,4.286186113192559
1.2103E+11,27.7958413,-82.6907819,1020,51.0,X Unshaded / Minimal,0.05,PuLP_CBC,16,Lealman Exchange,3.936070966300576
1.2103E+11,27.7955164,-82.6968649,1211,60.55,X Unshaded / Minimal,0.05,PuLP_CBC,16,Lealman Exchange,3.6429483747312656
1.2103E+11,27.7887365,-82.6703066,1227,245.4,X Shaded — 500-yr,0.2,PuLP_CBC,8,Sanderlin K-8,4.928431991935842
1.2103E+11,27.7805851,-82.6651942,1389,69.45,X Unshaded / Minimal,0.05,PuLP_CBC,8,Sanderlin K-8,4.059659047264234
1.2103E+11,27.7952004,-82.6694187,657,32.85,X Unshaded / Minimal,0.05,PuLP_CBC,16,Lealman Exchange,4.810711198589448
1.2103E+11,27.7996742,-82.6650497,1488,74.4,X Unshaded / Minimal,0.05,PuLP_CBC,16,Lealman Exchange,4.981362397513342
1.2103E+11,27.796142,-82.6589699,846,42.3,X Unshaded / Minimal,0.05,PuLP_CBC,16,Lealman Exchange,5.395203787878632
1.2103E+11,27.803918,-82.6508355,1262,63.1,X Unshaded / Minimal,0.05,PuLP_CBC,16,Lealman Exchange,5.009993203951447
1.2103E+11,27.798434,-82.65085,1147,57.35,X Unshaded / Minimal,0.05,PuLP_CBC,16,Lealman Exchange,5.807497418824228
1.2103E+11,27.7938797,-82.6508239,613,30.65,X Unshaded / Minimal,0.05,PuLP_CBC,8,Sanderlin K-8,5.847270613172968
1.2103E+11,27.7866272,-82.6511067,785,39.25,X Unshaded / Minimal,0.05,PuLP_CBC,8,Sanderlin K-8,4.8587415216391765
1.2103E+11,27.780214,-82.6542684,1025,51.25,X Unshaded / Minimal,0.05,PuLP_CBC,8,Sanderlin K-8,4.165830595619527
1.2103E+11,27.8329807,-82.7928529,1387,277.4,X Shaded — 500-yr,0.2,PuLP_CBC,17,Mildred Helms Elementary,8.67159998847453
1.2103E+11,27.8222919,-82.8032784,858,858.0,VE/V — Coastal High Hazard,1.0,PuLP_CBC,17,Mildred Helms Elementary,9.728046778738603
1.2103E+11,27.8550709,-82.7877475,1344,1142.4,AE Coastal Floodplain,0.85,PuLP_CBC,17,Mildred Helms Elementary,7.047389126513127
1.2103E+11,27.8610801,-82.7877846,2051,1743.35,AE Coastal Floodplain,0.85,PuLP_CBC,17,Mildred Helms Elementary,6.3956413323402925
1.2103E+11,27.8597948,-82.7974601,1209,60.45,X Unshaded / Minimal,0.05,PuLP_CBC,17,Mildred Helms Elementary,5.757662733759049
1.2103E+11,27.8513957,-82.8017213,1093,54.65,X Unshaded / Minimal,0.05,PuLP_CBC,17,Mildred Helms Elementary,7.174730322761345
1.2103E+11,28.167885,-82.8019463,1947,1654.95,AE Coastal Floodplain,0.85,PuLP_CBC,1,Palm Harbor Middle,15.85037664082538
1.2103E+11,28.1506975,-82.7645765,1863,1583.55,AE Coastal Floodplain,0.85,PuLP_CBC,1,Palm Harbor Middle,11.528591099190455
1.2103E+11,27.7866115,-82.6338847,976,195.2,X Shaded — 500-yr,0.2,PuLP_CBC,8,Sanderlin K-8,6.817681080080879
1.2103E+11,27.7867303,-82.623409,682,579.7,AE Coastal Floodplain,0.85,PuLP_CBC,8,Sanderlin K-8,7.8321562729868734
1.2103E+11,27.7953219,-82.6354682,798,678.3,AE Coastal Floodplain,0.85,PuLP_CBC,16,Lealman Exchange,7.359121907304179
1.2103E+11,27.795767,-82.6405994,604,30.2,X Unshaded / Minimal,0.05,PuLP_CBC,16,Lealman Exchange,6.903432182087423
1.2103E+11,27.804997,-82.6384609,803,682.55,AE Coastal Floodplain,0.85,PuLP_CBC,16,Lealman Exchange,6.110610073268474
1.2103E+11,27.8016857,-82.6396045,1270,1079.5,AE Coastal Floodplain,0.85,PuLP_CBC,16,Lealman Exchange,6.469622581999368
1.2103E+11,27.7935932,-82.6118169,1171,995.35,AE Coastal Floodplain,0.85,PuLP_CBC,8,Sanderlin K-8,9.708897233565448
1.2103E+11,27.8079254,-82.621176,1959,1665.15,AE Coastal Floodplain,0.85,PuLP_CBC,16,Lealman Exchange,8.923461321699858
1.2103E+11,27.8675824,-82.7914306,2304,115.2,X Unshaded / Minimal,0.05,PuLP_CBC,17,Mildred Helms Elementary,5.51228630344978
1.2103E+11,27.869376,-82.7821266,1236,1050.6,AE Coastal Floodplain,0.85,PuLP_CBC,17,Mildred Helms Elementary,6.420919016843261
1.2103E+11,27.8783551,-82.7795873,1430,1215.5,AE Coastal Floodplain,0.85,PuLP_CBC,17,Mildred Helms Elementary,4.527921219707068
1.2103E+11,27.8782546,-82.7849187,1600,1360.0,AE Coastal Floodplain,0.85,PuLP_CBC,17,Mildred Helms Elementary,4.536126099624658
1.2103E+11,27.8765456,-82.7928353,1314,65.7,X Unshaded / Minimal,0.05,PuLP_CBC,17,Mildred Helms Elementary,3.935607473850012
1.2103E+11,27.8729401,-82.8311035,1287,64.35,X Unshaded / Minimal,0.05,PuLP_CBC,17,Mildred Helms Elementary,7.087629885157403
1.2103E+11,27.8721096,-82.8224601,2711,135.55,X Unshaded / Minimal,0.05,PuLP_CBC,17,Mildred Helms Elementary,6.163681897439127
1.2103E+11,27.8629951,-82.8077271,1127,56.35,X Unshaded / Minimal,0.05,PuLP_CBC,17,Mildred Helms Elementary,6.257931941232039
1.2103E+11,27.8573828,-82.818353,708,35.4,X Unshaded / Minimal,0.05,PuLP_CBC,17,Mildred Helms Elementary,7.765674346842514
1.2103E+11,27.8089847,-82.6296415,1640,1394.0,AE Coastal Floodplain,0.85,PuLP_CBC,16,Lealman Exchange,8.10570332006633
1.2103E+11,27.8229307,-82.6028595,1823,1549.55,AE Coastal Floodplain,0.85,PuLP_CBC,16,Lealman Exchange,10.273953115570576
1.2103E+11,27.8224987,-82.6153094,1534,1303.9,AE Coastal Floodplain,0.85,PuLP_CBC,16,Lealman Exchange,9.888196002158177
1.2103E+11,27.8142057,-82.6067679,1396,1186.6,AE Coastal Floodplain,0.85,PuLP_CBC,16,Lealman Exchange,10.75804917740902
1.2103E+11,27.8039098,-82.605015,2062,1752.7,AE Coastal Floodplain,0.85,PuLP_CBC,16,Lealman Exchange,10.994132919540414
1.2103E+11,27.8185589,-82.6407392,2311,1964.35,AE Coastal Floodplain,0.85,PuLP_CBC,16,Lealman Exchange,6.143765394827099
1.2103E+11,27.8405243,-82.6514317,1643,1396.55,AE Coastal Floodplain,0.85,PuLP_CBC,16,Lealman Exchange,6.391281322457782
1.2103E+11,27.8315274,-82.6506352,1362,1157.7,AE Coastal Floodplain,0.85,PuLP_CBC,16,Lealman Exchange,4.911711721311615
1.2103E+11,27.8326068,-82.6571325,1200,1020.0,AE Coastal Floodplain,0.85,PuLP_CBC,16,Lealman Exchange,4.935864302227019
1.2103E+11,27.8550881,-82.8240685,2563,128.15,X Unshaded / Minimal,0.05,PuLP_CBC,17,Mildred Helms Elementary,8.820287725300656
1.2103E+11,27.8469123,-82.8129955,2646,132.3,X Unshaded / Minimal,0.05,PuLP_CBC,17,Mildred Helms Elementary,8.574814260232086
1.2103E+11,27.920101,-82.8076255,1630,81.5,X Unshaded / Minimal,0.05,PuLP_CBC,17,Mildred Helms Elementary,2.027523125628397
1.2103E+11,27.8708835,-82.8436875,1442,1225.7,AE Coastal Floodplain,0.85,PuLP_CBC,17,Mildred Helms Elementary,8.106076400504776
1.2103E+11,27.7592273,-82.6680751,259,12.95,X Unshaded / Minimal,0.05,PuLP_CBC,8,Sanderlin K-8,2.3469197877807053
1.2103E+11,27.905401,-82.8150854,2283,1940.55,AE Coastal Floodplain,0.85,PuLP_CBC,17,Mildred Helms Elementary,2.2745456905646155
1.2103E+11,27.983529,-82.7912845,1473,1252.05,AE Coastal Floodplain,0.85,PuLP_CBC,14,Skycrest Elementary,4.873210134779921
1.2103E+11,27.8354596,-82.6618778,1638,1392.3,AE Coastal Floodplain,0.85,PuLP_CBC,16,Lealman Exchange,4.426271082033151
1.2103E+11,27.8246723,-82.6637215,677,33.85,X Unshaded / Minimal,0.05,PuLP_CBC,16,Lealman Exchange,3.6862354151389054
1.2103E+11,27.831696,-82.6431818,1324,1125.4,AE Coastal Floodplain,0.85,PuLP_CBC,16,Lealman Exchange,5.62486069565224
1.2103E+11,27.8393475,-82.6438099,1784,1516.4,AE Coastal Floodplain,0.85,PuLP_CBC,16,Lealman Exchange,6.459436906802283
1.2103E+11,27.8249853,-82.6427423,1436,1220.6,AE Coastal Floodplain,0.85,PuLP_CBC,16,Lealman Exchange,5.419109394011039
1.2103E+11,27.9041448,-82.7695592,2083,1770.55,AE Coastal Floodplain,0.85,PuLP_CBC,17,Mildred Helms Elementary,3.489534497192785
1.2103E+11,27.8961614,-82.777944,789,670.65,AE Coastal Floodplain,0.85,PuLP_CBC,17,Mildred Helms Elementary,3.6502213866650353
1.2103E+11,27.9470571,-82.7482659,1698,339.6,X Shaded — 500-yr,0.2,PuLP_CBC,14,Skycrest Elementary,3.4125473817067395
1.2103E+11,27.7883538,-82.6576664,425,21.25,X Unshaded / Minimal,0.05,PuLP_CBC,8,Sanderlin K-8,4.940003315394793
1.2103E+11,27.7505704,-82.7058151,648,32.4,X Unshaded / Minimal,0.05,PuLP_CBC,8,Sanderlin K-8,3.906440802669708
1.2103E+11,28.1542639,-82.8050711,2596,2206.6,AE Coastal Floodplain,0.85,PuLP_CBC,1,Palm Harbor Middle,13.364656996194729
1.2103E+11,27.7448376,-82.6445022,632,537.2,AE Coastal Floodplain,0.85,PuLP_CBC,8,Sanderlin K-8,3.614934310104101
1.2103E+11,27.9458804,-82.7580489,1267,63.35,X Unshaded / Minimal,0.05,PuLP_CBC,14,Skycrest Elementary,3.155715952349157
1.2103E+11,27.767822,-82.7171095,790,158.0,X Shaded — 500-yr,0.2,PuLP_CBC,8,Sanderlin K-8,7.201726702594223
1.2103E+11,27.8752037,-82.644372,1771,1505.35,AE Coastal Floodplain,0.85,PuLP_CBC,16,Lealman Exchange,9.229181707199576
1.2103E+11,27.8088155,-82.7784898,1679,1427.15,AE Coastal Floodplain,0.85,PuLP_CBC,16,Lealman Exchange,9.488834500115814
1.2103E+11,27.896723,-82.815959,2498,124.9,X Unshaded / Minimal,0.05,PuLP_CBC,17,Mildred Helms Elementary,4.027344206249989
1.2103E+11,27.87651,-82.7973501,694,34.7,X Unshaded / Minimal,0.05,PuLP_CBC,17,Mildred Helms Elementary,4.139827792827103
1.2103E+11,27.9752014,-82.7945967,1152,921.6,AE/A — 100-yr Floodplain,0.8,PuLP_CBC,14,Skycrest Elementary,4.29846463224756
1.2103E+11,27.8043138,-82.738765,725,36.25,X Unshaded / Minimal,0.05,PuLP_CBC,16,Lealman Exchange,5.976878680042061
1.2103E+11,27.7705092,-82.703273,1050,52.5,X Unshaded / Minimal,0.05,PuLP_CBC,8,Sanderlin K-8,5.968466338754184
1.2103E+11,27.8062222,-82.6702341,1264,1011.2,AE/A — 100-yr Floodplain,0.8,PuLP_CBC,16,Lealman Exchange,3.687654559591678
1.2103E+11,27.9444202,-82.7895345,1211,968.8,AE/A — 100-yr Floodplain,0.8,PuLP_CBC,17,Mildred Helms Elementary,4.261237182699755
1.2103E+11,27.8491375,-82.7525631,1763,1498.55,AE Coastal Floodplain,0.85,PuLP_CBC,16,Lealman Exchange,9.376531782588224
1.2103E+11,27.8439656,-82.7462151,1684,1431.4,AE Coastal Floodplain,0.85,PuLP_CBC,16,Lealman Exchange,7.080296117874738
1.2103E+11,27.824825,-82.650937,1734,1473.9,AE Coastal Floodplain,0.85,PuLP_CBC,16,Lealman Exchange,4.878091593070765
1.2103E+11,27.7538607,-82.6599035,303,15.15,X Unshaded / Minimal,0.05,PuLP_CBC,8,Sanderlin K-8,1.002013691470866
1.2103E+11,27.8112472,-82.6437139,1536,1305.6,AE Coastal Floodplain,0.85,PuLP_CBC,16,Lealman Exchange,5.601154930841046
1.2103E+11,27.7604414,-82.6527423,746,37.3,X Unshaded / Minimal,0.05,PuLP_CBC,8,Sanderlin K-8,2.3965753299158075
1.2103E+11,27.8842374,-82.7227975,892,178.4,X Shaded — 500-yr,0.2,PuLP_CBC,16,Lealman Exchange,8.79011976202821
1.2103E+11,27.8723312,-82.7150594,2343,1991.55,AE Coastal Floodplain,0.85,PuLP_CBC,16,Lealman Exchange,7.737030835415172
1.2103E+11,27.8668581,-82.7081562,1301,1040.8,AE/A — 100-yr Floodplain,0.8,PuLP_CBC,16,Lealman Exchange,7.76734738124076
1.2103E+11,27.896383,-82.756057,2004,400.8,X Shaded — 500-yr,0.2,PuLP_CBC,17,Mildred Helms Elementary,6.1245038518159465
1.2103E+11,27.9449485,-82.7770148,1683,1346.4,AE/A — 100-yr Floodplain,0.8,PuLP_CBC,14,Skycrest Elementary,3.61511404028804
1.2103E+11,27.9463688,-82.7677692,1710,1368.0,AE/A — 100-yr Floodplain,0.8,PuLP_CBC,14,Skycrest Elementary,3.0654225781074427
1.2103E+11,27.9403898,-82.7686568,879,43.95,X Unshaded / Minimal,0.05,PuLP_CBC,14,Skycrest Elementary,3.723409471904748
1.2103E+11,28.0851168,-82.7325663,1016,50.8,X Unshaded / Minimal,0.05,PuLP_CBC,1,Palm Harbor Middle,3.4492738137489543
1.2103E+11,28.062953,-82.7294147,1087,217.4,X Shaded — 500-yr,0.2,PuLP_CBC,1,Palm Harbor Middle,3.6705960204635577
1.2103E+11,28.0532729,-82.7348252,1840,368.0,X Shaded — 500-yr,0.2,PuLP_CBC,1,Palm Harbor Middle,2.999337222993361
1.2103E+11,28.0416879,-82.691203,2242,1793.6,AE/A — 100-yr Floodplain,0.8,PuLP_CBC,1,Palm Harbor Middle,7.450490700742546
1.2103E+11,27.9196193,-82.8197504,1239,1053.15,AE Coastal Floodplain,0.85,PuLP_CBC,17,Mildred Helms Elementary,2.7084513481141754
1.2103E+11,27.7550801,-82.7099688,906,45.3,X Unshaded / Minimal,0.05,PuLP_CBC,8,Sanderlin K-8,4.955071341561365
1.2103E+11,27.8483176,-82.7579267,2106,105.3,X Unshaded / Minimal,0.05,PuLP_CBC,16,Lealman Exchange,9.297527247414722
1.2103E+11,27.7655489,-82.6882098,893,44.65,X Unshaded / Minimal,0.05,PuLP_CBC,8,Sanderlin K-8,4.032805802885124
1.2103E+11,27.7951387,-82.6846181,1082,54.1,X Unshaded / Minimal,0.05,PuLP_CBC,16,Lealman Exchange,4.872481929045934
1.2103E+11,27.768883,-82.6497063,1500,75.0,X Unshaded / Minimal,0.05,PuLP_CBC,8,Sanderlin K-8,3.6718269817283207
1.2103E+11,27.790102,-82.6506972,809,40.45,X Unshaded / Minimal,0.05,PuLP_CBC,8,Sanderlin K-8,5.858385632952365
1.2103E+11,27.7522779,-82.7146969,563,28.15,X Unshaded / Minimal,0.05,PuLP_CBC,8,Sanderlin K-8,4.8922756070272
1.2103E+11,27.8411728,-82.7986014,1180,59.0,X Unshaded / Minimal,0.05,PuLP_CBC,17,Mildred Helms Elementary,8.03382299153426
1.2103E+11,27.8322502,-82.6697326,1694,1355.2,AE/A — 100-yr Floodplain,0.8,PuLP_CBC,16,Lealman Exchange,3.674605882043974
1.2103E+11,27.8244946,-82.6683332,841,42.05,X Unshaded / Minimal,0.05,PuLP_CBC,16,Lealman Exchange,3.4996719058557675
1.2103E+11,27.8220642,-82.7050886,1844,1475.2,AE/A — 100-yr Floodplain,0.8,PuLP_CBC,16,Lealman Exchange,1.1483657251871586
1.2103E+11,27.8118761,-82.706052,2187,1749.6,AE/A — 100-yr Floodplain,0.8,PuLP_CBC,16,Lealman Exchange,2.038606175711765
1.2103E+11,27.9303328,-82.7916215,748,37.4,X Unshaded / Minimal,0.05,PuLP_CBC,17,Mildred Helms Elementary,2.07765747053282
1.2103E+11,27.9231844,-82.7913737,928,46.4,X Unshaded / Minimal,0.05,PuLP_CBC,17,Mildred Helms Elementary,2.012838994503177
1.2103E+11,27.9271904,-82.8177272,915,915.0,VE/V — Coastal High Hazard,1.0,PuLP_CBC,17,Mildred Helms Elementary,2.9218185719272456
1.2103E+11,28.0365546,-82.671524,704,598.4,AE Coastal Floodplain,0.85,PuLP_CBC,1,Palm Harbor Middle,9.710362713961656
1.2103E+11,28.0219114,-82.6583165,3228,2743.8,AE Coastal Floodplain,0.85,PuLP_CBC,1,Palm Harbor Middle,11.288489155718528
1.2103E+11,27.8622856,-82.7087846,760,646.0,AE Coastal Floodplain,0.85,PuLP_CBC,16,Lealman Exchange,7.704380466598545
1.2103E+11,27.8468349,-82.7973197,805,40.25,X Unshaded / Minimal,0.05,PuLP_CBC,17,Mildred Helms Elementary,7.165937163828866
1.2103E+11,27.7955512,-82.676421,1029,51.45,X Unshaded / Minimal,0.05,PuLP_CBC,16,Lealman Exchange,3.9826424913401257
1.2103E+11,27.7605285,-82.6861707,632,31.6,X Unshaded / Minimal,0.05,PuLP_CBC,8,Sanderlin K-8,3.0504715532062585
1.2103E+11,27.7502501,-82.6506624,703,35.15,X Unshaded / Minimal,0.05,PuLP_CBC,8,Sanderlin K-8,1.486316397564562
1.2103E+11,27.918176,-82.7489553,1114,55.7,X Unshaded / Minimal,0.05,PuLP_CBC,17,Mildred Helms Elementary,5.047111286708812
1.2103E+11,27.9640985,-82.7515482,1162,58.1,X Unshaded / Minimal,0.05,PuLP_CBC,14,Skycrest Elementary,0.9169428867719792
1.2103E+11,27.831937,-82.7044595,1420,1136.0,AE/A — 100-yr Floodplain,0.8,PuLP_CBC,16,Lealman Exchange,2.667109769738417
1.2103E+11,27.8344787,-82.723017,2642,2113.6,AE/A — 100-yr Floodplain,0.8,PuLP_CBC,16,Lealman Exchange,4.453662743888434
1.2103E+11,27.8310619,-82.7141007,1953,1562.4,AE/A — 100-yr Floodplain,0.8,PuLP_CBC,16,Lealman Exchange,2.939089769389516
1.2103E+11,27.852304,-82.7055155,1809,1447.2,AE/A — 100-yr Floodplain,0.8,PuLP_CBC,16,Lealman Exchange,4.055991587881626
1.2103E+11,27.8483112,-82.7078894,1836,1468.8,AE/A — 100-yr Floodplain,0.8,PuLP_CBC,16,Lealman Exchange,4.180295592721267
1.2103E+11,27.9436001,-82.7847323,1082,865.6,AE/A — 100-yr Floodplain,0.8,PuLP_CBC,17,Mildred Helms Elementary,4.170191602635198
1.2103E+11,27.9455907,-82.7939879,1504,1203.2,AE/A — 100-yr Floodplain,0.8,PuLP_CBC,17,Mildred Helms Elementary,4.248993565112616
1.2103E+11,27.9917315,-82.8170773,1280,1280.0,VE/V — Coastal High Hazard,1.0,PuLP_CBC,14,Skycrest Elementary,8.356264136134854
1.2103E+11,27.977396,-82.8108526,1115,1115.0,VE/V — Coastal High Hazard,1.0,PuLP_CBC,14,Skycrest Elementary,6.776447189811729
1.2103E+11,28.0706783,-82.7652695,579,492.15,AE Coastal Floodplain,0.85,PuLP_CBC,1,Palm Harbor Middle,1.599683936124786
1.2103E+11,27.7215519,-82.6935997,1188,1009.8,AE Coastal Floodplain,0.85,PuLP_CBC,8,Sanderlin K-8,5.688614084876258
1.2103E+11,27.7132012,-82.6857143,2980,2533.0,AE Coastal Floodplain,0.85,PuLP_CBC,8,Sanderlin K-8,4.964113178019016
1.2103E+11,27.977576,-82.7897644,1348,1145.8,AE Coastal Floodplain,0.85,PuLP_CBC,14,Skycrest Elementary,4.257413344284992
1.2103E+11,27.996875,-82.7778296,865,692.0,AE/A — 100-yr Floodplain,0.8,PuLP_CBC,14,Skycrest Elementary,5.054123081234537
1.2103E+11,27.9700138,-82.7920597,420,336.0,AE/A — 100-yr Floodplain,0.8,PuLP_CBC,14,Skycrest Elementary,3.4387166062332786
1.2103E+11,27.7342921,-82.65938,1802,1531.7,AE Coastal Floodplain,0.85,PuLP_CBC,8,Sanderlin K-8,4.018763476159541
1.2103E+11,27.7263458,-82.6693903,1733,1473.05,AE Coastal Floodplain,0.85,PuLP_CBC,8,Sanderlin K-8,3.6305161503608616
1.2103E+11,27.7368726,-82.670214,1314,1116.9,AE Coastal Floodplain,0.85,PuLP_CBC,8,Sanderlin K-8,2.8872349136612625
1.2103E+11,27.8437514,-82.7085744,1550,1240.0,AE/A — 100-yr Floodplain,0.8,PuLP_CBC,16,Lealman Exchange,3.854619599215934
1.2103E+11,27.8409516,-82.7069937,538,430.4,AE/A — 100-yr Floodplain,0.8,PuLP_CBC,16,Lealman Exchange,3.316531386241449
1.2103E+11,27.8601891,-82.732636,1195,1015.75,AE Coastal Floodplain,0.85,PuLP_CBC,16,Lealman Exchange,7.650126983500566
1.2103E+11,27.8460751,-82.7319311,3761,3196.85,AE Coastal Floodplain,0.85,PuLP_CBC,16,Lealman Exchange,6.134088172702078
1.2103E+11,27.8525665,-82.7649148,964,819.4,AE Coastal Floodplain,0.85,PuLP_CBC,17,Mildred Helms Elementary,9.705846745325031
1.2103E+11,27.8378445,-82.821796,1575,1338.75,AE Coastal Floodplain,0.85,PuLP_CBC,17,Mildred Helms Elementary,9.649090688713205
1.2103E+11,27.9587412,-82.7564623,1207,965.6,AE/A — 100-yr Floodplain,0.8,PuLP_CBC,14,Skycrest Elementary,1.3467931504196995
1.2103E+11,27.9947227,-82.7713648,1134,907.2,AE/A — 100-yr Floodplain,0.8,PuLP_CBC,14,Skycrest Elementary,4.469015123764321
1.2103E+11,27.9881749,-82.7692251,841,672.8,AE/A — 100-yr Floodplain,0.8,PuLP_CBC,14,Skycrest Elementary,3.4725298399973155
1.2103E+11,27.9743501,-82.7498889,1108,55.4,X Unshaded / Minimal,0.05,PuLP_CBC,14,Skycrest Elementary,2.1479684991939068
1.2103E+11,27.9725938,-82.7383473,1446,1156.8,AE/A — 100-yr Floodplain,0.8,PuLP_CBC,14,Skycrest Elementary,2.505140339339718
1.2103E+11,27.9634079,-82.7352709,942,47.1,X Unshaded / Minimal,0.05,PuLP_CBC,14,Skycrest Elementary,3.383206663284068
1.2103E+11,27.7209646,-82.6371313,1732,1472.2,AE Coastal Floodplain,0.85,PuLP_CBC,8,Sanderlin K-8,5.681350296029659
1.2103E+11,27.7247409,-82.6421008,1179,1002.15,AE Coastal Floodplain,0.85,PuLP_CBC,8,Sanderlin K-8,4.59147504226379
1.2103E+11,27.7386412,-82.6436867,603,512.55,AE Coastal Floodplain,0.85,PuLP_CBC,8,Sanderlin K-8,2.9470122758697403
1.2103E+11,27.7483895,-82.628969,919,781.15,AE Coastal Floodplain,0.85,PuLP_CBC,8,Sanderlin K-8,2.673278954111779
1.2103E+11,27.7502961,-82.6337678,690,586.5,AE Coastal Floodplain,0.85,PuLP_CBC,8,Sanderlin K-8,2.8698197783964057
1.2103E+11,27.7480145,-82.6361109,901,765.85,AE Coastal Floodplain,0.85,PuLP_CBC,8,Sanderlin K-8,2.708517366426227
1.2103E+11,27.7567662,-82.6409607,991,842.35,AE Coastal Floodplain,0.85,PuLP_CBC,8,Sanderlin K-8,3.3632238517424264
1.2103E+11,27.7534577,-82.644617,975,828.75,AE Coastal Floodplain,0.85,PuLP_CBC,8,Sanderlin K-8,2.4699512524071725
1.2103E+11,27.7469345,-82.6413667,682,579.7,AE Coastal Floodplain,0.85,PuLP_CBC,8,Sanderlin K-8,2.3827000015809947
1.2103E+11,27.9743373,-82.7035961,1694,1439.9,AE Coastal Floodplain,0.85,PuLP_CBC,14,Skycrest Elementary,6.134482418213115
1.2103E+11,28.0406988,-82.7247751,700,35.0,X Unshaded / Minimal,0.05,PuLP_CBC,1,Palm Harbor Middle,5.618768720876826
1.2103E+11,28.0354958,-82.7115431,2097,1782.45,AE Coastal Floodplain,0.85,PuLP_CBC,1,Palm Harbor Middle,7.221264776087291
1.2103E+11,28.0184373,-82.7221809,1444,1155.2,AE/A — 100-yr Floodplain,0.8,PuLP_CBC,1,Palm Harbor Middle,7.86864713806838
1.2103E+11,27.745197,-82.6585777,1342,1140.7,AE Coastal Floodplain,0.85,PuLP_CBC,8,Sanderlin K-8,1.1130508345432544
1.2103E+11,27.745487,-82.6502228,1119,951.15,AE Coastal Floodplain,0.85,PuLP_CBC,8,Sanderlin K-8,1.9191114460187204
1.2103E+11,27.7502255,-82.65891,1329,66.45,X Unshaded / Minimal,0.05,PuLP_CBC,8,Sanderlin K-8,0.6857761907319515
1.2103E+11,27.7433449,-82.6679931,324,275.4,AE Coastal Floodplain,0.85,PuLP_CBC,8,Sanderlin K-8,1.1848686381120372
1.2103E+11,27.7494048,-82.6682526,1648,82.4,X Unshaded / Minimal,0.05,PuLP_CBC,8,Sanderlin K-8,0.2169298740800894
1.2103E+11,27.7607369,-82.6958742,1368,68.4,X Unshaded / Minimal,0.05,PuLP_CBC,8,Sanderlin K-8,3.988328517881852
1.2103E+11,27.7569949,-82.6860818,803,40.15,X Unshaded / Minimal,0.05,PuLP_CBC,8,Sanderlin K-8,2.644218272578582
1.2103E+11,27.7569266,-82.695024,263,13.15,X Unshaded / Minimal,0.05,PuLP_CBC,8,Sanderlin K-8,3.508312075455563
1.2103E+11,27.753977,-82.6831189,770,38.5,X Unshaded / Minimal,0.05,PuLP_CBC,8,Sanderlin K-8,2.2183304609239287
1.2103E+11,27.7604957,-82.6486566,464,23.2,X Unshaded / Minimal,0.05,PuLP_CBC,8,Sanderlin K-8,3.1877337287984977
1.2103E+11,27.7548436,-82.6513933,2207,110.35,X Unshaded / Minimal,0.05,PuLP_CBC,8,Sanderlin K-8,2.310394189957472
1.2103E+11,27.84313,-82.7660035,1432,1217.2,AE Coastal Floodplain,0.85,PuLP_CBC,16,Lealman Exchange,8.728168209527109
1.2103E+11,27.8772555,-82.7410101,1661,1411.85,AE Coastal Floodplain,0.85,PuLP_CBC,17,Mildred Helms Elementary,8.55052083525093
1.2103E+11,27.8750855,-82.7646141,2373,2017.05,AE Coastal Floodplain,0.85,PuLP_CBC,17,Mildred Helms Elementary,7.195429274959813
1.2103E+11,27.855833,-82.7567354,831,166.2,X Shaded — 500-yr,0.2,PuLP_CBC,17,Mildred Helms Elementary,9.296305145170114
1.2103E+11,27.8565733,-82.7445138,1812,1540.2,AE Coastal Floodplain,0.85,PuLP_CBC,16,Lealman Exchange,8.052929911446189
1.2103E+11,28.005919,-82.7166991,2005,1604.0,AE/A — 100-yr Floodplain,0.8,PuLP_CBC,1,Palm Harbor Middle,10.004969821174177
1.2103E+11,28.0163825,-82.703623,1597,319.4,X Shaded — 500-yr,0.2,PuLP_CBC,14,Skycrest Elementary,9.543647039504766
1.2103E+11,27.9955035,-82.683537,1282,1089.7,AE Coastal Floodplain,0.85,PuLP_CBC,14,Skycrest Elementary,9.474392164499864
1.2103E+11,27.9921954,-82.6917024,1098,933.3,AE Coastal Floodplain,0.85,PuLP_CBC,14,Skycrest Elementary,8.332412316927211
1.2103E+11,28.0050132,-82.70474,1628,325.6,X Shaded — 500-yr,0.2,PuLP_CBC,14,Skycrest Elementary,8.2179164590995
1.2103E+11,28.0074052,-82.692468,1880,1598.0,AE Coastal Floodplain,0.85,PuLP_CBC,14,Skycrest Elementary,9.54641526087817
1.2103E+11,27.7737367,-82.6692181,551,27.55,X Unshaded / Minimal,0.05,PuLP_CBC,8,Sanderlin K-8,3.294507811846492
1.2103E+11,28.0445403,-82.7485096,895,716.0,AE/A — 100-yr Floodplain,0.8,PuLP_CBC,1,Palm Harbor Middle,3.0141778660083176
1.2103E+11,28.0366258,-82.7554538,1281,1024.8,AE/A — 100-yr Floodplain,0.8,PuLP_CBC,1,Palm Harbor Middle,4.649185875938624
1.2103E+11,28.0347396,-82.7676631,1192,238.4,X Shaded — 500-yr,0.2,PuLP_CBC,1,Palm Harbor Middle,5.225879713876822
1.2103E+11,28.0269438,-82.7561793,1153,922.4,AE/A — 100-yr Floodplain,0.8,PuLP_CBC,1,Palm Harbor Middle,5.4439193321310775
1.2103E+11,28.003785,-82.7484944,2067,1653.6,AE/A — 100-yr Floodplain,0.8,PuLP_CBC,14,Skycrest Elementary,5.433852894447525
1.2103E+11,28.0078371,-82.7788841,1638,327.6,X Shaded — 500-yr,0.2,PuLP_CBC,14,Skycrest Elementary,6.371153529884269
1.2103E+11,27.8416303,-82.807126,878,43.9,X Unshaded / Minimal,0.05,PuLP_CBC,17,Mildred Helms Elementary,8.53177934422968
1.2103E+11,27.759139,-82.7151348,961,48.05,X Unshaded / Minimal,0.05,PuLP_CBC,8,Sanderlin K-8,5.845506631378121
1.2103E+11,27.7856093,-82.7030439,1019,50.95,X Unshaded / Minimal,0.05,PuLP_CBC,16,Lealman Exchange,4.986206719033722
1.2103E+11,27.7536804,-82.6946815,959,47.95,X Unshaded / Minimal,0.05,PuLP_CBC,8,Sanderlin K-8,3.0912020234619577
1.2103E+11,27.775923,-82.7101188,1229,61.45,X Unshaded / Minimal,0.05,PuLP_CBC,16,Lealman Exchange,6.467357001259154
1.2103E+11,27.8024626,-82.6758475,818,40.9,X Unshaded / Minimal,0.05,PuLP_CBC,16,Lealman Exchange,3.230944804472664
1.2103E+11,28.0320924,-82.6810533,1004,853.4,AE Coastal Floodplain,0.85,PuLP_CBC,1,Palm Harbor Middle,9.357830485491668
1.2103E+11,27.7538321,-82.6680707,911,45.55,X Unshaded / Minimal,0.05,PuLP_CBC,8,Sanderlin K-8,1.1834595175566205
1.2103E+11,27.9256681,-82.7981801,1660,83.0,X Unshaded / Minimal,0.05,PuLP_CBC,17,Mildred Helms Elementary,1.4365880333247818
1.2103E+11,28.1664704,-82.7397566,3055,3055.0,AE Floodway,1.0,PuLP_CBC,1,Palm Harbor Middle,12.049301696858798
1.2103E+11,27.933253,-82.798851,2029,101.45,X Unshaded / Minimal,0.05,PuLP_CBC,17,Mildred Helms Elementary,2.768290152621004
1.2103E+11,27.8955329,-82.7076223,100,85.0,AE Coastal Floodplain,0.85,PuLP_CBC,16,Lealman Exchange,9.27497280948619
